dataset,seed,method,method_label,group,test_f1,test_auc,test_ap,precision,recall,val_f1,metrics_path
Meta,42,logreg,Logistic Regression,Raw tabular,0.9555555555555556,0.977149459982078,0.9412768761227246,0.9662921348314607,0.945054945054945,0.9775280898876404,outputs/paper_main_baselines_clean_20260615/Meta/seed_42/tabular/logreg/metrics.json
Meta,43,logreg,Logistic Regression,Raw tabular,0.9662921348314607,0.9862283639107673,0.9723298682667245,0.9885057471264368,0.945054945054945,0.9719101123595506,outputs/paper_main_baselines_clean_20260615/Meta/seed_43/tabular/logreg/metrics.json
Meta,44,logreg,Logistic Regression,Raw tabular,0.9662921348314607,0.9833749941046079,0.9644702004094121,0.9885057471264368,0.945054945054945,0.9805013927576601,outputs/paper_main_baselines_clean_20260615/Meta/seed_44/tabular/logreg/metrics.json
Meta,45,logreg,Logistic Regression,Raw tabular,0.9749303621169917,0.9845540725369051,0.9888266268223157,0.9887005649717514,0.9615384615384616,0.9775280898876404,outputs/paper_main_baselines_clean_20260615/Meta/seed_45/tabular/logreg/metrics.json
Meta,46,logreg,Logistic Regression,Raw tabular,0.9633802816901409,0.9914398905815215,0.9849410346057828,0.9884393063583815,0.9395604395604396,0.9802816901408451,outputs/paper_main_baselines_clean_20260615/Meta/seed_46/tabular/logreg/metrics.json
Meta,42,mlp,MLP,Raw tabular,0.96398891966759,0.9841767674385701,0.9644221216051735,0.9720670391061452,0.9560439560439561,0.9945054945054945,outputs/paper_main_baselines_clean_20260615/Meta/seed_42/tabular/mlp/metrics.json
Meta,43,mlp,MLP,Raw tabular,0.967032967032967,0.9884921945007781,0.9895288554895241,0.967032967032967,0.967032967032967,0.9560439560439561,outputs/paper_main_baselines_clean_20260615/Meta/seed_43/tabular/mlp/metrics.json
Meta,44,mlp,MLP,Raw tabular,0.9806094182825484,0.9904494646983917,0.9933769207618971,0.9888268156424581,0.9725274725274725,0.988950276243094,outputs/paper_main_baselines_clean_20260615/Meta/seed_44/tabular/mlp/metrics.json
Meta,45,mlp,MLP,Raw tabular,0.959349593495935,0.9840116964580484,0.9884706661391579,0.946524064171123,0.9725274725274725,0.9613259668508287,outputs/paper_main_baselines_clean_20260615/Meta/seed_45/tabular/mlp/metrics.json
Meta,46,mlp,MLP,Raw tabular,0.967741935483871,0.9926425505824648,0.9913827868584834,0.9473684210526315,0.989010989010989,0.9750692520775623,outputs/paper_main_baselines_clean_20260615/Meta/seed_46/tabular/mlp/metrics.json
Meta,42,rf,Random Forest,Raw tabular,0.9834254143646409,0.9902372305805781,0.9930238222164993,0.9888888888888889,0.978021978021978,0.9944444444444445,outputs/paper_main_baselines_clean_20260615/Meta/seed_42/tabular/rf/metrics.json
Meta,43,rf,Random Forest,Raw tabular,0.9860724233983287,0.9917582417582418,0.9945389657547492,1.0,0.9725274725274725,0.9861495844875346,outputs/paper_main_baselines_clean_20260615/Meta/seed_43/tabular/rf/metrics.json
Meta,44,rf,Random Forest,Raw tabular,0.978021978021978,0.9947531009762769,0.995659640860914,0.978021978021978,0.978021978021978,0.9888888888888889,outputs/paper_main_baselines_clean_20260615/Meta/seed_44/tabular/rf/metrics.json
Meta,45,rf,Random Forest,Raw tabular,0.9803921568627451,0.9875017686176484,0.9912049015779366,1.0,0.9615384615384616,0.9860724233983287,outputs/paper_main_baselines_clean_20260615/Meta/seed_45/tabular/rf/metrics.json
Meta,46,rf,Random Forest,Raw tabular,0.9834254143646409,0.9944229590152337,0.9966455163360647,0.9888888888888889,0.978021978021978,0.9916434540389972,outputs/paper_main_baselines_clean_20260615/Meta/seed_46/tabular/rf/metrics.json
Meta,42,lightgbm,LightGBM,Raw tabular,0.9753424657534246,0.9893411309720324,0.9927428576096876,0.9726775956284153,0.978021978021978,0.9945054945054945,outputs/paper_main_baselines_clean_20260615/Meta/seed_42/tabular/lightgbm/metrics.json
Meta,43,lightgbm,LightGBM,Raw tabular,0.989010989010989,0.9922888270527755,0.9948378652523556,0.989010989010989,0.989010989010989,0.9888888888888889,outputs/paper_main_baselines_clean_20260615/Meta/seed_43/tabular/lightgbm/metrics.json
Meta,44,lightgbm,LightGBM,Raw tabular,0.9700272479564033,0.9917818233268878,0.9942789302325944,0.9621621621621622,0.978021978021978,0.9888888888888889,outputs/paper_main_baselines_clean_20260615/Meta/seed_44/tabular/lightgbm/metrics.json
Meta,45,lightgbm,LightGBM,Raw tabular,0.9776536312849162,0.986440598028581,0.9912532084669017,0.9943181818181818,0.9615384615384616,0.9888268156424581,outputs/paper_main_baselines_clean_20260615/Meta/seed_45/tabular/lightgbm/metrics.json
Meta,46,lightgbm,LightGBM,Raw tabular,0.9917355371900827,0.9962269490166487,0.99732021898102,0.994475138121547,0.989010989010989,0.9944444444444445,outputs/paper_main_baselines_clean_20260615/Meta/seed_46/tabular/lightgbm/metrics.json
Meta,42,gcn,GCN,GNN,0.896,0.9742725086072727,0.9731548621428935,0.8704663212435233,0.9230769230769231,0.9703504043126685,outputs/paper_main_baselines_clean_20260615/Meta/seed_42/sampled_gcn/metrics.json
Meta,43,gcn,GCN,GNN,0.947075208913649,0.9864405980285809,0.9883371844010096,0.96045197740113,0.9340659340659341,0.9534246575342465,outputs/paper_main_baselines_clean_20260615/Meta/seed_43/sampled_gcn/metrics.json
Meta,44,gcn,GCN,GNN,0.9361702127659575,0.9816535395934538,0.9797432590730013,0.9072164948453608,0.967032967032967,0.9675675675675676,outputs/paper_main_baselines_clean_20260615/Meta/seed_44/sampled_gcn/metrics.json
Meta,45,gcn,GCN,GNN,0.898936170212766,0.9756402395887375,0.9761123973336074,0.8711340206185567,0.9285714285714286,0.9752066115702479,outputs/paper_main_baselines_clean_20260615/Meta/seed_45/sampled_gcn/metrics.json
Meta,46,gcn,GCN,GNN,0.8959537572254336,0.9807810215535537,0.9741517485306942,0.9451219512195121,0.8516483516483516,0.9807162534435262,outputs/paper_main_baselines_clean_20260615/Meta/seed_46/sampled_gcn/metrics.json
Meta,42,gat,GAT,GNN,0.9641873278236914,0.9926661321511107,0.9929231719271601,0.9668508287292817,0.9615384615384616,0.9890710382513661,outputs/paper_main_baselines_clean_20260615/Meta/seed_42/sampled_gat/metrics.json
Meta,43,gat,GAT,GNN,0.9719101123595506,0.990803188228081,0.9907656585332295,0.9942528735632183,0.9505494505494505,0.9861495844875346,outputs/paper_main_baselines_clean_20260615/Meta/seed_43/sampled_gat/metrics.json
Meta,44,gat,GAT,GNN,0.9567567567567568,0.9902843937178701,0.9910564950742842,0.9414893617021277,0.9725274725274725,0.9834254143646409,outputs/paper_main_baselines_clean_20260615/Meta/seed_44/sampled_gat/metrics.json
Meta,45,gat,GAT,GNN,0.9672131147540983,0.9881148894024432,0.991510828882056,0.9619565217391305,0.9725274725274725,0.988950276243094,outputs/paper_main_baselines_clean_20260615/Meta/seed_45/sampled_gat/metrics.json
Meta,46,gat,GAT,GNN,0.9781420765027322,0.9973117011743621,0.9967508581232742,0.9728260869565217,0.9835164835164835,0.9862258953168044,outputs/paper_main_baselines_clean_20260615/Meta/seed_46/sampled_gat/metrics.json
Meta,42,graphsage,GraphSAGE,GNN,0.949438202247191,0.989034570579635,0.9893323194184561,0.9712643678160919,0.9285714285714286,0.9861495844875346,outputs/paper_5seed_qwen_counter_clean_20260615/Meta/seed_42/sage_no_evidence/metrics.json
Meta,43,graphsage,GraphSAGE,GNN,0.9835164835164835,0.9959439701928973,0.9965457383784441,0.9835164835164835,0.9835164835164835,0.989010989010989,outputs/paper_5seed_qwen_counter_clean_20260615/Meta/seed_43/sage_no_evidence/metrics.json
Meta,44,graphsage,GraphSAGE,GNN,0.978021978021978,0.9933499976418432,0.994908165531512,0.978021978021978,0.978021978021978,0.9888888888888889,outputs/paper_5seed_qwen_counter_clean_20260615/Meta/seed_44/sage_no_evidence/metrics.json
Meta,45,graphsage,GraphSAGE,GNN,0.9572192513368984,0.9888223364618215,0.9907993814388397,0.9322916666666666,0.9835164835164835,0.9807162534435262,outputs/paper_5seed_qwen_counter_clean_20260615/Meta/seed_45/sage_no_evidence/metrics.json
Meta,46,graphsage,GraphSAGE,GNN,0.978021978021978,0.9941753525444513,0.9950548739318843,0.978021978021978,0.978021978021978,0.988950276243094,outputs/paper_5seed_qwen_counter_clean_20260615/Meta/seed_46/sage_no_evidence/metrics.json
Meta,42,care_gnn,CARE-GNN,Generic Fraud GNN,0.9550561797752809,0.987690421166816,0.9872911607636157,0.9770114942528736,0.9340659340659341,0.9860724233983287,outputs/paper_main_baselines_clean_20260615/Meta/seed_42/sampled_care_gnn/metrics.json
Meta,43,care_gnn,CARE-GNN,Generic Fraud GNN,0.9752066115702479,0.9940810262698675,0.9955718262553109,0.9779005524861878,0.9725274725274725,0.9917355371900827,outputs/paper_main_baselines_clean_20260615/Meta/seed_43/sampled_care_gnn/metrics.json
Meta,44,care_gnn,CARE-GNN,Generic Fraud GNN,0.9619565217391305,0.9920058482290242,0.9935544731081877,0.9516129032258065,0.9725274725274725,0.9888888888888889,outputs/paper_main_baselines_clean_20260615/Meta/seed_44/sampled_care_gnn/metrics.json
Meta,45,care_gnn,CARE-GNN,Generic Fraud GNN,0.9750692520775623,0.9924774796019431,0.9940648072886701,0.9832402234636871,0.967032967032967,0.9803921568627451,outputs/paper_main_baselines_clean_20260615/Meta/seed_45/sampled_care_gnn/metrics.json
Meta,46,care_gnn,CARE-GNN,Generic Fraud GNN,0.9641873278236914,0.9962505305852946,0.9955391402950914,0.9668508287292817,0.9615384615384616,0.9806094182825484,outputs/paper_main_baselines_clean_20260615/Meta/seed_46/sampled_care_gnn/metrics.json
Meta,42,graphconsis_gnn,GraphConsis,Generic Fraud GNN,0.9526462395543176,0.9878554921473376,0.9868606779323098,0.9661016949152542,0.9395604395604396,0.9834254143646409,outputs/paper_main_baselines_clean_20260615/Meta/seed_42/sampled_graphconsis_gnn/metrics.json
Meta,43,graphconsis_gnn,GraphConsis,Generic Fraud GNN,0.9806094182825484,0.9955666650945619,0.9963999638323644,0.9888268156424581,0.9725274725274725,0.9916897506925207,outputs/paper_main_baselines_clean_20260615/Meta/seed_43/sampled_graphconsis_gnn/metrics.json
Meta,44,graphconsis_gnn,GraphConsis,Generic Fraud GNN,0.9723756906077348,0.9902372305805782,0.9892506220491228,0.9777777777777777,0.967032967032967,0.9888888888888889,outputs/paper_main_baselines_clean_20260615/Meta/seed_44/sampled_graphconsis_gnn/metrics.json
Meta,45,graphconsis_gnn,GraphConsis,Generic Fraud GNN,0.9591280653950953,0.9896476913644296,0.9913972267088621,0.9513513513513514,0.967032967032967,0.9834254143646409,outputs/paper_main_baselines_clean_20260615/Meta/seed_45/sampled_graphconsis_gnn/metrics.json
Meta,46,graphconsis_gnn,GraphConsis,Generic Fraud GNN,0.9725274725274725,0.9963212752912324,0.9957813972686549,0.9725274725274725,0.9725274725274725,0.9860724233983287,outputs/paper_main_baselines_clean_20260615/Meta/seed_46/sampled_graphconsis_gnn/metrics.json
Meta,42,pc_gnn,PC-GNN,Generic Fraud GNN,0.9806094182825484,0.9945762392114323,0.9948656115689735,0.9888268156424581,0.9725274725274725,1.0,outputs/paper_main_baselines_clean_20260615/Meta/seed_42/sampled_pc_gnn/metrics.json
Meta,43,pc_gnn,PC-GNN,Generic Fraud GNN,0.994475138121547,0.9953308494081027,0.997137073452863,1.0,0.989010989010989,0.9972451790633609,outputs/paper_main_baselines_clean_20260615/Meta/seed_43/sampled_pc_gnn/metrics.json
Meta,44,pc_gnn,PC-GNN,Generic Fraud GNN,0.9782608695652174,0.9953780125453945,0.9964577559005267,0.967741935483871,0.989010989010989,0.994475138121547,outputs/paper_main_baselines_clean_20260615/Meta/seed_44/sampled_pc_gnn/metrics.json
Meta,45,pc_gnn,PC-GNN,Generic Fraud GNN,0.9832402234636871,0.9922416639154837,0.9944963868045946,1.0,0.967032967032967,0.9916897506925207,outputs/paper_main_baselines_clean_20260615/Meta/seed_45/sampled_pc_gnn/metrics.json
Meta,46,pc_gnn,PC-GNN,Generic Fraud GNN,0.9888888888888889,0.9995047870584352,0.9994029526704299,1.0,0.978021978021978,0.997229916897507,outputs/paper_main_baselines_clean_20260615/Meta/seed_46/sampled_pc_gnn/metrics.json
Meta,42,zipzap,ZipZap,Ethereum SOTA,0.9405405405405406,0.9930670188180918,0.9922635572734214,0.925531914893617,0.9560439560439561,0.9783783783783784,outputs/paper_sota_baselines_20260615/Meta/seed_42/zipzap/metrics.json
Meta,43,zipzap,ZipZap,Ethereum SOTA,0.9523809523809523,0.990779606659435,0.9904032956650827,0.9183673469387755,0.989010989010989,0.9602122015915119,outputs/paper_sota_baselines_20260615/Meta/seed_43/zipzap/metrics.json
Meta,44,zipzap,ZipZap,Ethereum SOTA,0.9523809523809523,0.9896241097957835,0.9901169987272816,0.9714285714285714,0.9340659340659341,0.9668508287292817,outputs/paper_sota_baselines_20260615/Meta/seed_44/zipzap/metrics.json
Meta,45,zipzap,ZipZap,Ethereum SOTA,0.943089430894309,0.9903551384238081,0.9907095899802043,0.93048128342246,0.9560439560439561,0.9725274725274725,outputs/paper_sota_baselines_20260615/Meta/seed_45/zipzap/metrics.json
Meta,46,zipzap,ZipZap,Ethereum SOTA,0.9526462395543176,0.98766683959817,0.9849793490061839,0.9661016949152542,0.9395604395604396,0.9575070821529745,outputs/paper_sota_baselines_20260615/Meta/seed_46/zipzap/metrics.json
Meta,42,lmae4eth,LMAE4Eth,Ethereum SOTA,0.964769647696477,0.9921473376408998,0.9937145019519572,0.9518716577540107,0.978021978021978,0.9863760217983651,outputs/paper_sota_baselines_20260615/Meta/seed_42/lmae4eth/metrics.json
Meta,43,lmae4eth,LMAE4Eth,Ethereum SOTA,0.978021978021978,0.9933971607791351,0.9949023746185699,0.978021978021978,0.978021978021978,0.9695290858725761,outputs/paper_sota_baselines_20260615/Meta/seed_43/lmae4eth/metrics.json
Meta,44,lmae4eth,LMAE4Eth,Ethereum SOTA,0.9833333333333333,0.9941753525444512,0.9961252002047473,0.9943820224719101,0.9725274725274725,0.9860724233983287,outputs/paper_sota_baselines_20260615/Meta/seed_44/lmae4eth/metrics.json
Meta,45,lmae4eth,LMAE4Eth,Ethereum SOTA,0.9782608695652174,0.988987407442343,0.9918609000063573,0.967741935483871,0.989010989010989,0.9781420765027322,outputs/paper_sota_baselines_20260615/Meta/seed_45/lmae4eth/metrics.json
Meta,46,lmae4eth,LMAE4Eth,Ethereum SOTA,0.9809264305177112,0.9954015941140404,0.9963412735538844,0.972972972972973,0.989010989010989,0.9777777777777777,outputs/paper_sota_baselines_20260615/Meta/seed_46/lmae4eth/metrics.json
Meta,42,bert4eth,BERT4ETH,Ethereum SOTA,0.9591280653950953,0.9904023015610999,0.9912077125802112,0.9513513513513514,0.967032967032967,0.981029810298103,outputs/paper_sota_baselines_20260615/Meta/seed_42/bert4eth/metrics.json
Meta,43,bert4eth,BERT4ETH,Ethereum SOTA,0.959349593495935,0.9898599254822431,0.9885374919262562,0.946524064171123,0.9725274725274725,0.9698630136986301,outputs/paper_sota_baselines_20260615/Meta/seed_43/bert4eth/metrics.json
Meta,44,bert4eth,BERT4ETH,Ethereum SOTA,0.9728260869565217,0.9895533650898457,0.9891884627296564,0.9623655913978495,0.9835164835164835,0.978021978021978,outputs/paper_sota_baselines_20260615/Meta/seed_44/bert4eth/metrics.json
Meta,45,bert4eth,BERT4ETH,Ethereum SOTA,0.9508196721311475,0.9930906003867377,0.992908384383852,0.9456521739130435,0.9560439560439561,0.9806094182825484,outputs/paper_sota_baselines_20260615/Meta/seed_45/bert4eth/metrics.json
Meta,46,bert4eth,BERT4ETH,Ethereum SOTA,0.9722222222222222,0.9967693250955053,0.996455093713342,0.9831460674157303,0.9615384615384616,0.9805013927576601,outputs/paper_sota_baselines_20260615/Meta/seed_46/bert4eth/metrics.json
Meta,42,tlmgnn,TLmGNN,Ethereum SOTA,0.9806094182825484,0.9937037211715324,0.9953628548437777,0.9888268156424581,0.9725274725274725,0.9863013698630136,outputs/paper_sota_baselines_20260615/Meta/seed_42/tlmgnn/metrics.json
Meta,43,tlmgnn,TLmGNN,Ethereum SOTA,0.9782608695652174,0.9934207423477809,0.9947050047326261,0.967741935483871,0.989010989010989,0.9836956521739131,outputs/paper_sota_baselines_20260615/Meta/seed_43/tlmgnn/metrics.json
Meta,44,tlmgnn,TLmGNN,Ethereum SOTA,0.978021978021978,0.9939395368579919,0.9957513013483437,0.978021978021978,0.978021978021978,0.989010989010989,outputs/paper_sota_baselines_20260615/Meta/seed_44/tlmgnn/metrics.json
Meta,45,tlmgnn,TLmGNN,Ethereum SOTA,0.967741935483871,0.9896241097957836,0.9922907466519105,0.9473684210526315,0.989010989010989,0.9863760217983651,outputs/paper_sota_baselines_20260615/Meta/seed_45/tlmgnn/metrics.json
Meta,46,tlmgnn,TLmGNN,Ethereum SOTA,0.9861495844875346,0.9980898929396784,0.9979577095787073,0.994413407821229,0.978021978021978,0.9833333333333333,outputs/paper_sota_baselines_20260615/Meta/seed_46/tlmgnn/metrics.json
Meta,42,bwgnn,BWGNN,Graph Anomaly SOTA,0.958904109589041,0.9946234023487243,0.9942431529904795,0.9562841530054644,0.9615384615384616,0.9781420765027322,outputs/paper_sota_baselines_20260615/Meta/seed_42/bwgnn/metrics.json
Meta,43,bwgnn,BWGNN,Graph Anomaly SOTA,0.9779005524861878,0.9946941470546621,0.993948662476296,0.9833333333333333,0.9725274725274725,0.9807162534435262,outputs/paper_sota_baselines_20260615/Meta/seed_43/bwgnn/metrics.json
Meta,44,bwgnn,BWGNN,Graph Anomaly SOTA,0.9781420765027322,0.9974531905862378,0.9971659408025777,0.9728260869565217,0.9835164835164835,0.9861495844875346,outputs/paper_sota_baselines_20260615/Meta/seed_44/bwgnn/metrics.json
Meta,45,bwgnn,BWGNN,Graph Anomaly SOTA,0.9649595687331537,0.9914398905815216,0.992504465502018,0.9470899470899471,0.9835164835164835,0.9782608695652174,outputs/paper_sota_baselines_20260615/Meta/seed_45/bwgnn/metrics.json
Meta,46,bwgnn,BWGNN,Graph Anomaly SOTA,0.989010989010989,0.9944347497995567,0.9959768665332179,0.989010989010989,0.989010989010989,0.9779005524861878,outputs/paper_sota_baselines_20260615/Meta/seed_46/bwgnn/metrics.json
Meta,42,ours,Ours,Proposed,0.9619565217391305,0.992595387445173,0.9934063420515279,0.9516129032258065,0.9725274725274725,0.9890710382513661,outputs/paper_5seed_qwen_counter_clean_20260615/Meta/seed_42/sage_rule_scalar_qwen_motif_channel/metrics.json
Meta,43,ours,Ours,Proposed,0.9863013698630136,0.9954959203886242,0.9971186128794823,0.9836065573770492,0.989010989010989,0.989010989010989,outputs/paper_5seed_qwen_counter_clean_20260615/Meta/seed_43/sage_rule_scalar_qwen_motif_channel/metrics.json
Meta,44,ours,Ours,Proposed,0.9726775956284153,0.9935386501910108,0.9948211125263083,0.967391304347826,0.978021978021978,0.9888888888888889,outputs/paper_5seed_qwen_counter_clean_20260615/Meta/seed_44/sage_rule_scalar_qwen_motif_channel/metrics.json
Meta,45,ours,Ours,Proposed,0.9672131147540983,0.9922180823468377,0.9936322222703514,0.9619565217391305,0.9725274725274725,0.989010989010989,outputs/paper_5seed_qwen_counter_clean_20260615/Meta/seed_45/sage_rule_scalar_qwen_motif_channel/metrics.json
Meta,46,ours,Ours,Proposed,0.9777777777777777,0.9982549639202,0.9980207454571436,0.9887640449438202,0.967032967032967,0.9888888888888889,outputs/paper_5seed_qwen_counter_clean_20260615/Meta/seed_46/sage_rule_scalar_qwen_motif_channel/metrics.json
Meta,42,ours_imbalance,Ours+Imbalance,Proposed,0.9779005524861878,0.9941753525444513,0.9948749441403065,0.9833333333333333,0.9725274725274725,0.9972451790633609,outputs/paper_5seed_qwen_counter_clean_pctrain_20260616/Meta/seed_42/sage_rule_scalar_qwen_motif_channel/metrics.json
Meta,43,ours_imbalance,Ours+Imbalance,Proposed,0.9945054945054945,0.9955666650945622,0.9972081972081971,0.9945054945054945,0.9945054945054945,0.9945054945054945,outputs/paper_5seed_qwen_counter_clean_pctrain_20260616/Meta/seed_43/sage_rule_scalar_qwen_motif_channel/metrics.json
Meta,44,ours_imbalance,Ours+Imbalance,Proposed,0.9862258953168044,0.9941989341130973,0.9957520321593988,0.988950276243094,0.9835164835164835,0.9972451790633609,outputs/paper_5seed_qwen_counter_clean_pctrain_20260616/Meta/seed_44/sage_rule_scalar_qwen_motif_channel/metrics.json
Meta,45,ours_imbalance,Ours+Imbalance,Proposed,0.9861495844875346,0.991227656463708,0.9935660105823532,0.994413407821229,0.978021978021978,0.988950276243094,outputs/paper_5seed_qwen_counter_clean_pctrain_20260616/Meta/seed_45/sage_rule_scalar_qwen_motif_channel/metrics.json
Meta,46,ours_imbalance,Ours+Imbalance,Proposed,0.9835164835164835,0.9966514172522756,0.9972874875728137,0.9835164835164835,0.9835164835164835,0.9917355371900827,outputs/paper_5seed_qwen_counter_clean_pctrain_20260616/Meta/seed_46/sage_rule_scalar_qwen_motif_channel/metrics.json
ZipZap,42,logreg,Logistic Regression,Raw tabular,0.6224961479198767,0.7026635514430065,0.4624750416024445,0.5135593220338983,0.7900912646675359,0.6107784431137725,outputs/paper_main_baselines_clean_20260615/ZipZap/seed_42/tabular/logreg/metrics.json
ZipZap,43,logreg,Logistic Regression,Raw tabular,0.6357406431207169,0.7283751508679694,0.5067477629881054,0.5336283185840708,0.7861799217731421,0.6395348837209303,outputs/paper_main_baselines_clean_20260615/ZipZap/seed_43/tabular/logreg/metrics.json
ZipZap,44,logreg,Logistic Regression,Raw tabular,0.6388459556929418,0.7295776929327324,0.4948686893200468,0.5281090289608177,0.8083441981747066,0.6239583333333333,outputs/paper_main_baselines_clean_20260615/ZipZap/seed_44/tabular/logreg/metrics.json
ZipZap,45,logreg,Logistic Regression,Raw tabular,0.6191670847967887,0.7028117961711712,0.46422949435686484,0.5036734693877551,0.8033854166666666,0.6310534198701947,outputs/paper_main_baselines_clean_20260615/ZipZap/seed_45/tabular/logreg/metrics.json
ZipZap,46,logreg,Logistic Regression,Raw tabular,0.6452261306532663,0.7289234058277027,0.4938536546823217,0.5253682487725041,0.8359375,0.6250624063904143,outputs/paper_main_baselines_clean_20260615/ZipZap/seed_46/tabular/logreg/metrics.json
ZipZap,42,mlp,MLP,Raw tabular,0.6770708283313326,0.8445309425693729,0.7342606245677566,0.6273637374860956,0.7353324641460235,0.6526694661067787,outputs/paper_main_baselines_clean_20260615/ZipZap/seed_42/tabular/mlp/metrics.json
ZipZap,43,mlp,MLP,Raw tabular,0.6573686657368666,0.8274647050382639,0.7175947301378145,0.5108381502890174,0.9217731421121251,0.6694756554307116,outputs/paper_main_baselines_clean_20260615/ZipZap/seed_43/tabular/mlp/metrics.json
ZipZap,44,mlp,MLP,Raw tabular,0.6637168141592921,0.8376414153374292,0.7373167861193535,0.5327545382794001,0.8800521512385919,0.6604053386060307,outputs/paper_main_baselines_clean_20260615/ZipZap/seed_44/tabular/mlp/metrics.json
ZipZap,45,mlp,MLP,Raw tabular,0.6546184738955824,0.8285582946227477,0.7099472281854875,0.5326797385620915,0.8489583333333334,0.6736007924715206,outputs/paper_main_baselines_clean_20260615/ZipZap/seed_45/tabular/mlp/metrics.json
ZipZap,46,mlp,MLP,Raw tabular,0.651928504233302,0.8187231665259009,0.7017264094790022,0.5103092783505154,0.90234375,0.648320895522388,outputs/paper_main_baselines_clean_20260615/ZipZap/seed_46/tabular/mlp/metrics.json
ZipZap,42,rf,Random Forest,Raw tabular,0.703068122724909,0.8818480412913858,0.7981787813904988,0.5847750865051903,0.8813559322033898,0.6984287886467309,outputs/paper_main_baselines_clean_20260615/ZipZap/seed_42/tabular/rf/metrics.json
ZipZap,43,rf,Random Forest,Raw tabular,0.7078481012658228,0.8859706653684613,0.8090064547863299,0.5786423841059603,0.9113428943937418,0.708018154311649,outputs/paper_main_baselines_clean_20260615/ZipZap/seed_43/tabular/rf/metrics.json
ZipZap,44,rf,Random Forest,Raw tabular,0.7143592382913021,0.8946530014692844,0.8230422672147377,0.5901360544217688,0.9048239895697523,0.7136842105263158,outputs/paper_main_baselines_clean_20260615/ZipZap/seed_44/tabular/rf/metrics.json
ZipZap,45,rf,Random Forest,Raw tabular,0.6867724867724868,0.8630437077702703,0.7643476986176416,0.5784313725490197,0.8450520833333334,0.694560669456067,outputs/paper_main_baselines_clean_20260615/ZipZap/seed_45/tabular/rf/metrics.json
ZipZap,46,rf,Random Forest,Raw tabular,0.7011739594450374,0.8753198022240991,0.7858915462024796,0.5940325497287523,0.85546875,0.7064516129032258,outputs/paper_main_baselines_clean_20260615/ZipZap/seed_46/tabular/rf/metrics.json
ZipZap,42,lightgbm,LightGBM,Raw tabular,0.7371167645140247,0.8998879329393524,0.8304849623175027,0.737597911227154,0.7366362451108214,0.7453580901856764,outputs/paper_main_baselines_clean_20260615/ZipZap/seed_42/tabular/lightgbm/metrics.json
ZipZap,43,lightgbm,LightGBM,Raw tabular,0.7319587628865979,0.9023858927554324,0.8382395374968353,0.7235668789808917,0.7405475880052151,0.732051282051282,outputs/paper_main_baselines_clean_20260615/ZipZap/seed_43/tabular/lightgbm/metrics.json
ZipZap,44,lightgbm,LightGBM,Raw tabular,0.7372353673723536,0.9061634242341278,0.8452748157757191,0.7056019070321812,0.771838331160365,0.7323943661971831,outputs/paper_main_baselines_clean_20260615/ZipZap/seed_44/tabular/lightgbm/metrics.json
ZipZap,45,lightgbm,LightGBM,Raw tabular,0.7233201581027668,0.8862938133445947,0.8092111233756323,0.732,0.71484375,0.733822548365577,outputs/paper_main_baselines_clean_20260615/ZipZap/seed_45/tabular/lightgbm/metrics.json
ZipZap,46,lightgbm,LightGBM,Raw tabular,0.7217741935483871,0.8937196473817568,0.8149103469427703,0.7458333333333333,0.69921875,0.7435043304463691,outputs/paper_main_baselines_clean_20260615/ZipZap/seed_46/tabular/lightgbm/metrics.json
ZipZap,42,gcn,GCN,GNN,0.7751657625075347,0.9173908182480036,0.8511153145087383,0.7208520179372198,0.8383311603650587,0.8190954773869347,outputs/paper_main_baselines_clean_20260615/ZipZap/seed_42/sampled_gcn/metrics.json
ZipZap,43,gcn,GCN,GNN,0.8102372034956304,0.9348813788209981,0.8758530094282619,0.7772455089820359,0.8461538461538461,0.8225317989097517,outputs/paper_main_baselines_clean_20260615/ZipZap/seed_43/sampled_gcn/metrics.json
ZipZap,44,gcn,GCN,GNN,0.793993993993994,0.9280913298125673,0.8806245716596297,0.7360801781737194,0.8617992177314211,0.8184578020643595,outputs/paper_main_baselines_clean_20260615/ZipZap/seed_44/sampled_gcn/metrics.json
ZipZap,45,gcn,GCN,GNN,0.7868080094228505,0.9235690280123875,0.858851609876007,0.7182795698924731,0.8697916666666666,0.836036036036036,outputs/paper_main_baselines_clean_20260615/ZipZap/seed_45/sampled_gcn/metrics.json
ZipZap,46,gcn,GCN,GNN,0.823019801980198,0.9410138654279279,0.8921096646951664,0.7841981132075472,0.8658854166666666,0.8176795580110497,outputs/paper_main_baselines_clean_20260615/ZipZap/seed_46/sampled_gcn/metrics.json
ZipZap,42,gat,GAT,GNN,0.8706786171574904,0.9578529254080588,0.9282388058926132,0.8553459119496856,0.8865710560625815,0.9034700315457413,outputs/paper_main_baselines_clean_20260615/ZipZap/seed_42/sampled_gat/metrics.json
ZipZap,43,gat,GAT,GNN,0.881979695431472,0.9719770724703258,0.9487840786476471,0.8590852904820766,0.9061277705345502,0.8832807570977917,outputs/paper_main_baselines_clean_20260615/ZipZap/seed_43/sampled_gat/metrics.json
ZipZap,44,gat,GAT,GNN,0.8721351025331725,0.9695526208990544,0.9379914344110634,0.8114478114478114,0.9426336375488917,0.8959608323133414,outputs/paper_main_baselines_clean_20260615/ZipZap/seed_44/sampled_gat/metrics.json
ZipZap,45,gat,GAT,GNN,0.8828606658446363,0.9651239618524775,0.9288452893730853,0.8384074941451991,0.9322916666666666,0.9002493765586035,outputs/paper_main_baselines_clean_20260615/ZipZap/seed_45/sampled_gat/metrics.json
ZipZap,46,gat,GAT,GNN,0.8876117496807152,0.9697045678490991,0.9436560371072925,0.8709273182957393,0.9049479166666666,0.8961038961038961,outputs/paper_main_baselines_clean_20260615/ZipZap/seed_46/sampled_gat/metrics.json
ZipZap,42,graphsage,GraphSAGE,GNN,0.8886027044430135,0.9754772973967518,0.9502487236633013,0.8778625954198473,0.8996088657105606,0.9075520833333334,outputs/paper_5seed_qwen_counter_clean_20260615/ZipZap/seed_42/sage_no_evidence/metrics.json
ZipZap,43,graphsage,GraphSAGE,GNN,0.8888888888888888,0.9740916449736646,0.9508102687773485,0.8759493670886076,0.9022164276401564,0.8928571428571429,outputs/paper_5seed_qwen_counter_clean_20260615/ZipZap/seed_43/sage_no_evidence/metrics.json
ZipZap,44,graphsage,GraphSAGE,GNN,0.8883312421580929,0.9735986555474074,0.9461668643589197,0.8561064087061668,0.9230769230769231,0.905422446406053,outputs/paper_5seed_qwen_counter_clean_20260615/ZipZap/seed_44/sage_no_evidence/metrics.json
ZipZap,45,graphsage,GraphSAGE,GNN,0.8770806658130602,0.9713440491272524,0.9468017521612972,0.8627204030226701,0.8919270833333334,0.8952380952380953,outputs/paper_5seed_qwen_counter_clean_20260615/ZipZap/seed_45/sage_no_evidence/metrics.json
ZipZap,46,graphsage,GraphSAGE,GNN,0.8945041061276058,0.9731229764921171,0.9452382178305578,0.8687116564417178,0.921875,0.9015151515151515,outputs/paper_5seed_qwen_counter_clean_20260615/ZipZap/seed_46/sage_no_evidence/metrics.json
ZipZap,42,care_gnn,CARE-GNN,Generic Fraud GNN,0.8919597989949749,0.9766094124006207,0.9529488369861236,0.8606060606060606,0.9256844850065189,0.9001907183725365,outputs/paper_main_baselines_clean_20260615/ZipZap/seed_42/sampled_care_gnn/metrics.json
ZipZap,43,care_gnn,CARE-GNN,Generic Fraud GNN,0.8838095238095238,0.9719365769103121,0.950097872533507,0.8613861386138614,0.9074315514993481,0.890282131661442,outputs/paper_main_baselines_clean_20260615/ZipZap/seed_43/sampled_care_gnn/metrics.json
ZipZap,44,care_gnn,CARE-GNN,Generic Fraud GNN,0.8830694275274056,0.9734305109395234,0.9457457295547903,0.8285714285714286,0.9452411994784876,0.8962148962148963,outputs/paper_main_baselines_clean_20260615/ZipZap/seed_44/sampled_care_gnn/metrics.json
ZipZap,45,care_gnn,CARE-GNN,Generic Fraud GNN,0.8752399232245681,0.9690539660754504,0.945610009164576,0.8603773584905661,0.890625,0.8945686900958466,outputs/paper_main_baselines_clean_20260615/ZipZap/seed_45/sampled_care_gnn/metrics.json
ZipZap,46,care_gnn,CARE-GNN,Generic Fraud GNN,0.8785982478097623,0.9719678174268018,0.9454816130407114,0.8457831325301205,0.9140625,0.8931297709923665,outputs/paper_main_baselines_clean_20260615/ZipZap/seed_46/sampled_care_gnn/metrics.json
ZipZap,42,graphconsis_gnn,GraphConsis,Generic Fraud GNN,0.8874921433060968,0.9730211536480777,0.9457826257178383,0.8567961165048543,0.9204693611473272,0.9056122448979592,outputs/paper_main_baselines_clean_20260615/ZipZap/seed_42/sampled_graphconsis_gnn/metrics.json
ZipZap,43,graphconsis_gnn,GraphConsis,Generic Fraud GNN,0.8936725375081539,0.9766842411528206,0.9546937677152513,0.8942558746736292,0.8930899608865711,0.892742453436095,outputs/paper_main_baselines_clean_20260615/ZipZap/seed_43/sampled_graphconsis_gnn/metrics.json
ZipZap,44,graphconsis_gnn,GraphConsis,Generic Fraud GNN,0.8860135551447936,0.9737518344048517,0.9460982576685983,0.8399532710280374,0.9374185136897001,0.9027093596059114,outputs/paper_main_baselines_clean_20260615/ZipZap/seed_44/sampled_graphconsis_gnn/metrics.json
ZipZap,45,graphconsis_gnn,GraphConsis,Generic Fraud GNN,0.8745980707395499,0.9693214210304054,0.9406796395321967,0.8640406607369758,0.8854166666666666,0.8987179487179487,outputs/paper_main_baselines_clean_20260615/ZipZap/seed_45/sampled_graphconsis_gnn/metrics.json
ZipZap,46,graphconsis_gnn,GraphConsis,Generic Fraud GNN,0.8884758364312267,0.9724829321509009,0.9443465378065887,0.8475177304964538,0.93359375,0.8962088253573648,outputs/paper_main_baselines_clean_20260615/ZipZap/seed_46/sampled_graphconsis_gnn/metrics.json
ZipZap,42,pc_gnn,PC-GNN,Generic Fraud GNN,0.9335054874112331,0.9879138360123494,0.9771729344944634,0.9245524296675192,0.9426336375488917,0.9363934426229508,outputs/paper_main_baselines_clean_20260615/ZipZap/seed_42/sampled_pc_gnn/metrics.json
ZipZap,43,pc_gnn,PC-GNN,Generic Fraud GNN,0.9200507614213198,0.9838193827596317,0.972548773249261,0.896168108776267,0.9452411994784876,0.9289827255278311,outputs/paper_main_baselines_clean_20260615/ZipZap/seed_43/sampled_pc_gnn/metrics.json
ZipZap,44,pc_gnn,PC-GNN,Generic Fraud GNN,0.9281984334203656,0.9877324863305477,0.9777175644934822,0.9294117647058824,0.9269882659713168,0.9459283387622149,outputs/paper_main_baselines_clean_20260615/ZipZap/seed_44/sampled_pc_gnn/metrics.json
ZipZap,45,pc_gnn,PC-GNN,Generic Fraud GNN,0.9177257525083612,0.9839399458051802,0.9737816689127637,0.9436038514442916,0.8932291666666666,0.9411764705882353,outputs/paper_main_baselines_clean_20260615/ZipZap/seed_45/sampled_pc_gnn/metrics.json
ZipZap,46,pc_gnn,PC-GNN,Generic Fraud GNN,0.9179251477347341,0.985375316722973,0.973392966520797,0.9258278145695364,0.91015625,0.9345430978613092,outputs/paper_main_baselines_clean_20260615/ZipZap/seed_46/sampled_pc_gnn/metrics.json
ZipZap,42,zipzap,ZipZap,Ethereum SOTA,0.8439306358381503,0.9547875875826528,0.9154581075303115,0.8316455696202532,0.8565840938722294,0.8576874205844981,outputs/paper_sota_baselines_20260615/ZipZap/seed_42/zipzap/metrics.json
ZipZap,43,zipzap,ZipZap,Ethereum SOTA,0.8529801324503311,0.9581988983447001,0.9308144925334106,0.8667563930013459,0.8396349413298566,0.8525641025641025,outputs/paper_sota_baselines_20260615/ZipZap/seed_43/zipzap/metrics.json
ZipZap,44,zipzap,ZipZap,Ethereum SOTA,0.8393977415307403,0.9474684552792565,0.9224587924462119,0.8089480048367593,0.8722294654498044,0.865,outputs/paper_sota_baselines_20260615/ZipZap/seed_44/zipzap/metrics.json
ZipZap,45,zipzap,ZipZap,Ethereum SOTA,0.8344699318040918,0.9383182010135135,0.883936045429812,0.7964497041420119,0.8763020833333334,0.8558951965065502,outputs/paper_sota_baselines_20260615/ZipZap/seed_45/zipzap/metrics.json
ZipZap,46,zipzap,ZipZap,Ethereum SOTA,0.8416458852867831,0.9561321086711713,0.9235076448818412,0.8074162679425837,0.87890625,0.842964824120603,outputs/paper_sota_baselines_20260615/ZipZap/seed_46/zipzap/metrics.json
ZipZap,42,lmae4eth,LMAE4Eth,Ethereum SOTA,0.8911392405063291,0.9737597574492023,0.9574961575199019,0.8659286592865929,0.9178617992177314,0.9089735313105229,outputs/paper_sota_baselines_20260615/ZipZap/seed_42/lmae4eth/metrics.json
ZipZap,43,lmae4eth,LMAE4Eth,Ethereum SOTA,0.8887434554973822,0.974530053427729,0.9533558498828367,0.8922470433639947,0.8852672750977836,0.8935897435897436,outputs/paper_sota_baselines_20260615/ZipZap/seed_43/lmae4eth/metrics.json
ZipZap,44,lmae4eth,LMAE4Eth,Ethereum SOTA,0.888599348534202,0.977427246645251,0.9612971718536867,0.8880208333333334,0.8891786179921773,0.8922670191672174,outputs/paper_sota_baselines_20260615/ZipZap/seed_44/lmae4eth/metrics.json
ZipZap,45,lmae4eth,LMAE4Eth,Ethereum SOTA,0.890745501285347,0.9734836887668918,0.9529630539700559,0.8794416243654822,0.90234375,0.8994234465086482,outputs/paper_sota_baselines_20260615/ZipZap/seed_45/lmae4eth/metrics.json
ZipZap,46,lmae4eth,LMAE4Eth,Ethereum SOTA,0.882837238758708,0.9770103110923423,0.9601115917610299,0.8594327990135635,0.9075520833333334,0.898422712933754,outputs/paper_sota_baselines_20260615/ZipZap/seed_46/lmae4eth/metrics.json
ZipZap,42,bert4eth,BERT4ETH,Ethereum SOTA,0.8526522593320236,0.9621155232686609,0.9329561224403583,0.8565789473684211,0.848761408083442,0.8791064388961892,outputs/paper_sota_baselines_20260615/ZipZap/seed_42/bert4eth/metrics.json
ZipZap,43,bert4eth,BERT4ETH,Ethereum SOTA,0.8438107582631238,0.9555165076629042,0.9275578104638297,0.8389175257731959,0.848761408083442,0.8496143958868895,outputs/paper_sota_baselines_20260615/ZipZap/seed_43/bert4eth/metrics.json
ZipZap,44,bert4eth,BERT4ETH,Ethereum SOTA,0.8398486759142497,0.9558888907473807,0.9271434948852902,0.8131868131868132,0.8683181225554107,0.8612680477087257,outputs/paper_sota_baselines_20260615/ZipZap/seed_44/bert4eth/metrics.json
ZipZap,45,bert4eth,BERT4ETH,Ethereum SOTA,0.849802371541502,0.9574671839808558,0.9275546198577451,0.86,0.83984375,0.8623613829093281,outputs/paper_sota_baselines_20260615/ZipZap/seed_45/bert4eth/metrics.json
ZipZap,46,bert4eth,BERT4ETH,Ethereum SOTA,0.8423028785982478,0.9583130982545045,0.9272102092205048,0.810843373493976,0.8763020833333334,0.8495238095238096,outputs/paper_sota_baselines_20260615/ZipZap/seed_46/bert4eth/metrics.json
ZipZap,42,tlmgnn,TLmGNN,Ethereum SOTA,0.9024856596558317,0.9798622622756569,0.9635156421851817,0.8827930174563591,0.9230769230769231,0.9188144329896907,outputs/paper_sota_baselines_20260615/ZipZap/seed_42/tlmgnn/metrics.json
ZipZap,43,tlmgnn,TLmGNN,Ethereum SOTA,0.8893306825712393,0.9771376153573249,0.9589363581930735,0.9043126684636119,0.8748370273794003,0.9044502617801047,outputs/paper_sota_baselines_20260615/ZipZap/seed_43/tlmgnn/metrics.json
ZipZap,44,tlmgnn,TLmGNN,Ethereum SOTA,0.9004383218534753,0.9818993650120121,0.9666940126046332,0.8662650602409638,0.9374185136897001,0.9059720457433291,outputs/paper_sota_baselines_20260615/ZipZap/seed_44/tlmgnn/metrics.json
ZipZap,45,tlmgnn,TLmGNN,Ethereum SOTA,0.8930899608865711,0.9764221741272521,0.9595917766244209,0.8942558746736292,0.8919270833333334,0.920388349514563,outputs/paper_sota_baselines_20260615/ZipZap/seed_45/tlmgnn/metrics.json
ZipZap,46,tlmgnn,TLmGNN,Ethereum SOTA,0.891290527654164,0.9759418109515765,0.9544052006179029,0.8708074534161491,0.9127604166666666,0.9043031470777135,outputs/paper_sota_baselines_20260615/ZipZap/seed_46/tlmgnn/metrics.json
ZipZap,42,bwgnn,BWGNN,Graph Anomaly SOTA,0.8949771689497716,0.9747695054347681,0.9589965285248363,0.8955613577023499,0.894393741851369,0.9007232084155161,outputs/paper_sota_baselines_20260615/ZipZap/seed_42/bwgnn/metrics.json
ZipZap,43,bwgnn,BWGNN,Graph Anomaly SOTA,0.8957928802588997,0.9695684669877552,0.9460061013519449,0.8894601542416453,0.9022164276401564,0.9100323624595469,outputs/paper_sota_baselines_20260615/ZipZap/seed_43/bwgnn/metrics.json
ZipZap,44,bwgnn,BWGNN,Graph Anomaly SOTA,0.8919085855466338,0.9720342944573023,0.954040380888617,0.8474178403755869,0.9413298565840938,0.8941469489414695,outputs/paper_sota_baselines_20260615/ZipZap/seed_44/bwgnn/metrics.json
ZipZap,45,bwgnn,BWGNN,Graph Anomaly SOTA,0.8805031446540881,0.9684671487894143,0.9469255595072541,0.851581508515815,0.9114583333333334,0.9088607594936708,outputs/paper_sota_baselines_20260615/ZipZap/seed_45/bwgnn/metrics.json
ZipZap,46,bwgnn,BWGNN,Graph Anomaly SOTA,0.8913998744507219,0.9705003343186938,0.9435284168061199,0.8606060606060606,0.9244791666666666,0.9037130270610447,outputs/paper_sota_baselines_20260615/ZipZap/seed_46/bwgnn/metrics.json
ZipZap,42,ours,Ours,Proposed,0.9001297016861219,0.9846583451225299,0.9699871175994078,0.895483870967742,0.9048239895697523,0.9194499017681729,outputs/paper_5seed_qwen_counter_clean_20260615/ZipZap/seed_42/sage_rule_scalar_qwen_motif_channel/metrics.json
ZipZap,43,ours,Ours,Proposed,0.9143593045717965,0.9812294275952592,0.9654869926514976,0.9033078880407125,0.9256844850065189,0.9143222506393862,outputs/paper_5seed_qwen_counter_clean_20260615/ZipZap/seed_43/sage_rule_scalar_qwen_motif_channel/metrics.json
ZipZap,44,ours,Ours,Proposed,0.9118387909319899,0.9826582165931437,0.9638079248471118,0.881851400730816,0.9439374185136897,0.9257861635220126,outputs/paper_5seed_qwen_counter_clean_20260615/ZipZap/seed_44/sage_rule_scalar_qwen_motif_channel/metrics.json
ZipZap,45,ours,Ours,Proposed,0.8967286722257858,0.9785670924831081,0.9630369196802623,0.8836915297092288,0.91015625,0.9163449163449163,outputs/paper_5seed_qwen_counter_clean_20260615/ZipZap/seed_45/sage_rule_scalar_qwen_motif_channel/metrics.json
ZipZap,46,ours,Ours,Proposed,0.9053177691309987,0.9825001759572073,0.9638278216045,0.9018087855297158,0.9088541666666666,0.9148797920727745,outputs/paper_5seed_qwen_counter_clean_20260615/ZipZap/seed_46/sage_rule_scalar_qwen_motif_channel/metrics.json
ZipZap,42,ours_imbalance,Ours+Imbalance,Proposed,0.9381443298969072,0.9907212347272316,0.9818415813375032,0.9273885350318471,0.9491525423728814,0.940793754066363,outputs/paper_5seed_qwen_counter_clean_pctrain_20260616/ZipZap/seed_42/sage_rule_scalar_qwen_motif_channel/metrics.json
ZipZap,43,ours_imbalance,Ours+Imbalance,Proposed,0.9235709698137444,0.9852710605523067,0.9762656283742843,0.910126582278481,0.9374185136897001,0.9436893203883495,outputs/paper_5seed_qwen_counter_clean_pctrain_20260616/ZipZap/seed_43/sage_rule_scalar_qwen_motif_channel/metrics.json
ZipZap,44,ours_imbalance,Ours+Imbalance,Proposed,0.9361147327249022,0.9877685801992558,0.9786355704301253,0.9361147327249022,0.9361147327249022,0.9513797634691196,outputs/paper_5seed_qwen_counter_clean_pctrain_20260616/ZipZap/seed_44/sage_rule_scalar_qwen_motif_channel/metrics.json
ZipZap,45,ours_imbalance,Ours+Imbalance,Proposed,0.9220694171578258,0.9849622571790542,0.9763063941663047,0.927536231884058,0.9166666666666666,0.9381107491856677,outputs/paper_5seed_qwen_counter_clean_pctrain_20260616/ZipZap/seed_45/sage_rule_scalar_qwen_motif_channel/metrics.json
ZipZap,46,ours_imbalance,Ours+Imbalance,Proposed,0.9255663430420712,0.9869369369369368,0.9747763139771695,0.9202059202059202,0.9309895833333334,0.9335912314635719,outputs/paper_5seed_qwen_counter_clean_pctrain_20260616/ZipZap/seed_46/sage_rule_scalar_qwen_motif_channel/metrics.json
Illicit-ETH,42,logreg,Logistic Regression,Raw tabular,0.8255813953488372,0.8774233128834357,0.8176228063099794,0.7845303867403315,0.8711656441717791,0.8041237113402062,outputs/paper_main_baselines_clean_20260615/Illicit-ETH/seed_42/tabular/logreg/metrics.json
Illicit-ETH,43,logreg,Logistic Regression,Raw tabular,0.7141216991963261,0.842646216768916,0.7956000925202343,0.5706422018348624,0.9539877300613497,0.7285546415981199,outputs/paper_main_baselines_clean_20260615/Illicit-ETH/seed_43/tabular/logreg/metrics.json
Illicit-ETH,44,logreg,Logistic Regression,Raw tabular,0.7568238213399504,0.8280408997955011,0.7899508751963246,0.6354166666666666,0.9355828220858896,0.7561576354679803,outputs/paper_main_baselines_clean_20260615/Illicit-ETH/seed_44/tabular/logreg/metrics.json
Illicit-ETH,45,logreg,Logistic Regression,Raw tabular,0.7178631051752922,0.8135051124744377,0.77438230127577,0.7875457875457875,0.6595092024539877,0.7577235772357723,outputs/paper_main_baselines_clean_20260615/Illicit-ETH/seed_45/tabular/logreg/metrics.json
Illicit-ETH,46,logreg,Logistic Regression,Raw tabular,0.8036529680365296,0.844,0.8155611828933248,0.797583081570997,0.8098159509202454,0.7987616099071208,outputs/paper_main_baselines_clean_20260615/Illicit-ETH/seed_46/tabular/logreg/metrics.json
Illicit-ETH,42,mlp,MLP,Raw tabular,0.907185628742515,0.9565603271983639,0.9431459783751548,0.8859649122807017,0.9294478527607362,0.9072164948453608,outputs/paper_main_baselines_clean_20260615/Illicit-ETH/seed_42/tabular/mlp/metrics.json
Illicit-ETH,43,mlp,MLP,Raw tabular,0.8717201166180758,0.9532842535787321,0.9195135741740786,0.8305555555555556,0.9171779141104295,0.8882265275707899,outputs/paper_main_baselines_clean_20260615/Illicit-ETH/seed_43/tabular/mlp/metrics.json
Illicit-ETH,44,mlp,MLP,Raw tabular,0.8856729377713459,0.945840490797546,0.9056097013792429,0.8383561643835616,0.9386503067484663,0.8714918759231906,outputs/paper_main_baselines_clean_20260615/Illicit-ETH/seed_44/tabular/mlp/metrics.json
Illicit-ETH,45,mlp,MLP,Raw tabular,0.8895434462444771,0.947034764826176,0.930287392534252,0.8555240793201133,0.9263803680981595,0.8938714499252616,outputs/paper_main_baselines_clean_20260615/Illicit-ETH/seed_45/tabular/mlp/metrics.json
Illicit-ETH,46,mlp,MLP,Raw tabular,0.8567293777134588,0.9258895705521472,0.911613356302955,0.810958904109589,0.9079754601226994,0.8487518355359766,outputs/paper_main_baselines_clean_20260615/Illicit-ETH/seed_46/tabular/mlp/metrics.json
Illicit-ETH,42,rf,Random Forest,Raw tabular,0.9385307346326837,0.9889325153374233,0.9881057479855466,0.9178885630498533,0.9601226993865031,0.9497041420118343,outputs/paper_main_baselines_clean_20260615/Illicit-ETH/seed_42/tabular/rf/metrics.json
Illicit-ETH,43,rf,Random Forest,Raw tabular,0.9349470499243571,0.9885480572597137,0.9877339232077986,0.9223880597014925,0.9478527607361963,0.9590288315629742,outputs/paper_main_baselines_clean_20260615/Illicit-ETH/seed_43/tabular/rf/metrics.json
Illicit-ETH,44,rf,Random Forest,Raw tabular,0.9410029498525073,0.9909775051124745,0.9887106861813594,0.90625,0.9785276073619632,0.9544072948328267,outputs/paper_main_baselines_clean_20260615/Illicit-ETH/seed_44/tabular/rf/metrics.json
Illicit-ETH,45,rf,Random Forest,Raw tabular,0.9320987654320988,0.9866952965235174,0.9843463555162849,0.937888198757764,0.9263803680981595,0.957613814756672,outputs/paper_main_baselines_clean_20260615/Illicit-ETH/seed_45/tabular/rf/metrics.json
Illicit-ETH,46,rf,Random Forest,Raw tabular,0.9480122324159022,0.9907893660531697,0.9900987245423021,0.9451219512195121,0.950920245398773,0.9499241274658573,outputs/paper_main_baselines_clean_20260615/Illicit-ETH/seed_46/tabular/rf/metrics.json
Illicit-ETH,42,lightgbm,LightGBM,Raw tabular,0.95625,0.9964253578732107,0.9958273852020512,0.9745222929936306,0.9386503067484663,0.9661538461538461,outputs/paper_main_baselines_clean_20260615/Illicit-ETH/seed_42/tabular/lightgbm/metrics.json
Illicit-ETH,43,lightgbm,LightGBM,Raw tabular,0.9281437125748503,0.9890224948875255,0.988765518548867,0.9064327485380117,0.950920245398773,0.9711684370257967,outputs/paper_main_baselines_clean_20260615/Illicit-ETH/seed_43/tabular/lightgbm/metrics.json
Illicit-ETH,44,lightgbm,LightGBM,Raw tabular,0.9641791044776119,0.9958854805725971,0.9955516832059517,0.938953488372093,0.99079754601227,0.9618320610687023,outputs/paper_main_baselines_clean_20260615/Illicit-ETH/seed_44/tabular/lightgbm/metrics.json
Illicit-ETH,45,lightgbm,LightGBM,Raw tabular,0.9539375928677564,0.9924662576687115,0.9910759904122088,0.9250720461095101,0.9846625766871165,0.9624060150375939,outputs/paper_main_baselines_clean_20260615/Illicit-ETH/seed_45/tabular/lightgbm/metrics.json
Illicit-ETH,46,lightgbm,LightGBM,Raw tabular,0.9604863221884499,0.9928261758691206,0.9922198611105257,0.9518072289156626,0.9693251533742331,0.958904109589041,outputs/paper_main_baselines_clean_20260615/Illicit-ETH/seed_46/tabular/lightgbm/metrics.json
Illicit-ETH,42,gcn,GCN,GNN,0.9029275808936826,0.9574642126789367,0.9618847536253345,0.9071207430340558,0.8987730061349694,0.9286846275752774,outputs/paper_main_baselines_clean_20260615/Illicit-ETH/seed_42/sampled_gcn/metrics.json
Illicit-ETH,43,gcn,GCN,GNN,0.8714069591527988,0.9441635991820041,0.9463141988905563,0.8597014925373134,0.8834355828220859,0.9319526627218935,outputs/paper_main_baselines_clean_20260615/Illicit-ETH/seed_43/sampled_gcn/metrics.json
Illicit-ETH,44,gcn,GCN,GNN,0.9047619047619048,0.9663149284253579,0.9639322436986449,0.8786127167630058,0.9325153374233128,0.8845577211394303,outputs/paper_main_baselines_clean_20260615/Illicit-ETH/seed_44/sampled_gcn/metrics.json
Illicit-ETH,45,gcn,GCN,GNN,0.8692913385826772,0.9354601226993865,0.941324763879014,0.8932038834951457,0.8466257668711656,0.9230769230769231,outputs/paper_main_baselines_clean_20260615/Illicit-ETH/seed_45/sampled_gcn/metrics.json
Illicit-ETH,46,gcn,GCN,GNN,0.8863636363636364,0.9560163599182003,0.9606592854348355,0.9413793103448276,0.8374233128834356,0.9230769230769231,outputs/paper_main_baselines_clean_20260615/Illicit-ETH/seed_46/sampled_gcn/metrics.json
Illicit-ETH,42,gat,GAT,GNN,0.9273570324574961,0.9804417177914111,0.9806796303820408,0.9345794392523364,0.9202453987730062,0.9473684210526315,outputs/paper_main_baselines_clean_20260615/Illicit-ETH/seed_42/sampled_gat/metrics.json
Illicit-ETH,43,gat,GAT,GNN,0.9356357927786499,0.9873128834355828,0.9868984282383427,0.9581993569131833,0.9141104294478528,0.9580093312597201,outputs/paper_main_baselines_clean_20260615/Illicit-ETH/seed_43/sampled_gat/metrics.json
Illicit-ETH,44,gat,GAT,GNN,0.9409984871406959,0.9896032719836401,0.9879616101435303,0.9283582089552239,0.9539877300613497,0.9433384379785605,outputs/paper_main_baselines_clean_20260615/Illicit-ETH/seed_44/sampled_gat/metrics.json
Illicit-ETH,45,gat,GAT,GNN,0.9314641744548287,0.9826257668711657,0.982050676388642,0.9462025316455697,0.9171779141104295,0.9514866979655712,outputs/paper_main_baselines_clean_20260615/Illicit-ETH/seed_45/sampled_gat/metrics.json
Illicit-ETH,46,gat,GAT,GNN,0.9341692789968652,0.9829038854805726,0.9853748801367767,0.9551282051282052,0.9141104294478528,0.9520865533230294,outputs/paper_main_baselines_clean_20260615/Illicit-ETH/seed_46/sampled_gat/metrics.json
Illicit-ETH,42,graphsage,GraphSAGE,GNN,0.9433962264150944,0.9857586912065439,0.9872266501883512,0.967741935483871,0.9202453987730062,0.9709923664122138,outputs/paper_5seed_qwen_counter_clean_20260615/Illicit-ETH/seed_42/sage_no_evidence/metrics.json
Illicit-ETH,43,graphsage,GraphSAGE,GNN,0.9415384615384615,0.9825521472392639,0.9847945209737918,0.9444444444444444,0.9386503067484663,0.9739663093415007,outputs/paper_5seed_qwen_counter_clean_20260615/Illicit-ETH/seed_43/sage_no_evidence/metrics.json
Illicit-ETH,44,graphsage,GraphSAGE,GNN,0.9511111111111111,0.9895132924335379,0.9886859490709174,0.9197707736389685,0.9846625766871165,0.968944099378882,outputs/paper_5seed_qwen_counter_clean_20260615/Illicit-ETH/seed_44/sage_no_evidence/metrics.json
Illicit-ETH,45,graphsage,GraphSAGE,GNN,0.9457831325301205,0.9857341513292434,0.984963177187792,0.9289940828402367,0.9631901840490797,0.9690402476780186,outputs/paper_5seed_qwen_counter_clean_20260615/Illicit-ETH/seed_45/sage_no_evidence/metrics.json
Illicit-ETH,46,graphsage,GraphSAGE,GNN,0.9442724458204335,0.9826912065439674,0.9855234617590399,0.953125,0.9355828220858896,0.9757575757575757,outputs/paper_5seed_qwen_counter_clean_20260615/Illicit-ETH/seed_46/sage_no_evidence/metrics.json
Illicit-ETH,42,care_gnn,CARE-GNN,Generic Fraud GNN,0.9495268138801262,0.9840327198364008,0.9781384542917935,0.9772727272727273,0.9233128834355828,0.9615975422427036,outputs/paper_main_baselines_clean_20260615/Illicit-ETH/seed_42/sampled_care_gnn/metrics.json
Illicit-ETH,43,care_gnn,CARE-GNN,Generic Fraud GNN,0.9497716894977168,0.981963190184049,0.9712897442918486,0.9425981873111783,0.9570552147239264,0.9649923896499238,outputs/paper_main_baselines_clean_20260615/Illicit-ETH/seed_43/sampled_care_gnn/metrics.json
Illicit-ETH,44,care_gnn,CARE-GNN,Generic Fraud GNN,0.9469026548672567,0.99159918200409,0.9918960775411192,0.9119318181818182,0.9846625766871165,0.9631901840490797,outputs/paper_main_baselines_clean_20260615/Illicit-ETH/seed_44/sampled_care_gnn/metrics.json
Illicit-ETH,45,care_gnn,CARE-GNN,Generic Fraud GNN,0.9368575624082232,0.9862331288343558,0.9873176737430945,0.8985915492957747,0.9785276073619632,0.9649923896499238,outputs/paper_main_baselines_clean_20260615/Illicit-ETH/seed_45/sampled_care_gnn/metrics.json
Illicit-ETH,46,care_gnn,CARE-GNN,Generic Fraud GNN,0.9464012251148545,0.9769734151329242,0.9817935954452928,0.944954128440367,0.9478527607361963,0.9758308157099698,outputs/paper_main_baselines_clean_20260615/Illicit-ETH/seed_46/sampled_care_gnn/metrics.json
Illicit-ETH,42,graphconsis_gnn,GraphConsis,Generic Fraud GNN,0.9504643962848297,0.9848588957055215,0.9843709763786469,0.959375,0.941717791411043,0.9650986342943855,outputs/paper_main_baselines_clean_20260615/Illicit-ETH/seed_42/sampled_graphconsis_gnn/metrics.json
Illicit-ETH,43,graphconsis_gnn,GraphConsis,Generic Fraud GNN,0.9585253456221198,0.9857014314928425,0.9893447315744828,0.96,0.9570552147239264,0.9755351681957186,outputs/paper_main_baselines_clean_20260615/Illicit-ETH/seed_43/sampled_graphconsis_gnn/metrics.json
Illicit-ETH,44,graphconsis_gnn,GraphConsis,Generic Fraud GNN,0.9553571428571429,0.9901349693251534,0.9907925062311078,0.9277456647398844,0.9846625766871165,0.9648854961832061,outputs/paper_main_baselines_clean_20260615/Illicit-ETH/seed_44/sampled_graphconsis_gnn/metrics.json
Illicit-ETH,45,graphconsis_gnn,GraphConsis,Generic Fraud GNN,0.9359165424739195,0.9871820040899795,0.9872142729565655,0.9101449275362319,0.9631901840490797,0.9724770642201835,outputs/paper_main_baselines_clean_20260615/Illicit-ETH/seed_45/sampled_graphconsis_gnn/metrics.json
Illicit-ETH,46,graphconsis_gnn,GraphConsis,Generic Fraud GNN,0.9420970266040689,0.9819550102249489,0.9859113728912325,0.9616613418530351,0.9233128834355828,0.9769585253456221,outputs/paper_main_baselines_clean_20260615/Illicit-ETH/seed_46/sampled_graphconsis_gnn/metrics.json
Illicit-ETH,42,pc_gnn,PC-GNN,Generic Fraud GNN,0.9736434108527132,0.9897832310838446,0.9929196332746627,0.9843260188087775,0.9631901840490797,0.989247311827957,outputs/paper_main_baselines_clean_20260615/Illicit-ETH/seed_42/sampled_pc_gnn/metrics.json
Illicit-ETH,43,pc_gnn,PC-GNN,Generic Fraud GNN,0.975609756097561,0.9915419222903887,0.9942564266506965,0.9696969696969697,0.9815950920245399,0.9938650306748467,outputs/paper_main_baselines_clean_20260615/Illicit-ETH/seed_43/sampled_pc_gnn/metrics.json
Illicit-ETH,44,pc_gnn,PC-GNN,Generic Fraud GNN,0.9818181818181818,0.9939877300613497,0.9952151682707823,0.9700598802395209,0.9938650306748467,0.9847560975609756,outputs/paper_main_baselines_clean_20260615/Illicit-ETH/seed_44/sampled_pc_gnn/metrics.json
Illicit-ETH,45,pc_gnn,PC-GNN,Generic Fraud GNN,0.9683257918552036,0.9967280163599183,0.9961018451073771,0.9525222551928784,0.9846625766871165,0.9862174578866769,outputs/paper_main_baselines_clean_20260615/Illicit-ETH/seed_45/sampled_pc_gnn/metrics.json
Illicit-ETH,46,pc_gnn,PC-GNN,Generic Fraud GNN,0.9596273291925466,0.984,0.9881717959913345,0.9716981132075472,0.9478527607361963,0.9862595419847329,outputs/paper_main_baselines_clean_20260615/Illicit-ETH/seed_46/sampled_pc_gnn/metrics.json
Illicit-ETH,42,zipzap,ZipZap,Ethereum SOTA,0.890881913303438,0.9642944785276072,0.9645410922250365,0.8688046647230321,0.9141104294478528,0.9049079754601227,outputs/paper_sota_baselines_20260615/Illicit-ETH/seed_42/zipzap/metrics.json
Illicit-ETH,43,zipzap,ZipZap,Ethereum SOTA,0.9148936170212766,0.9690552147239264,0.9683305475474399,0.9066265060240963,0.9233128834355828,0.9353383458646617,outputs/paper_sota_baselines_20260615/Illicit-ETH/seed_43/zipzap/metrics.json
Illicit-ETH,44,zipzap,ZipZap,Ethereum SOTA,0.9138461538461539,0.9647689161554192,0.9550082568668384,0.9166666666666666,0.911042944785276,0.9282442748091603,outputs/paper_sota_baselines_20260615/Illicit-ETH/seed_44/zipzap/metrics.json
Illicit-ETH,45,zipzap,ZipZap,Ethereum SOTA,0.9228395061728395,0.9700040899795501,0.9707373572700168,0.9285714285714286,0.9171779141104295,0.9308176100628931,outputs/paper_sota_baselines_20260615/Illicit-ETH/seed_45/zipzap/metrics.json
Illicit-ETH,46,zipzap,ZipZap,Ethereum SOTA,0.8990536277602523,0.9508629856850715,0.9488344951323837,0.9253246753246753,0.8742331288343558,0.9331259720062208,outputs/paper_sota_baselines_20260615/Illicit-ETH/seed_46/zipzap/metrics.json
Illicit-ETH,42,lmae4eth,LMAE4Eth,Ethereum SOTA,0.9216867469879518,0.9854642126789366,0.984557952845074,0.9053254437869822,0.9386503067484663,0.9573170731707317,outputs/paper_sota_baselines_20260615/Illicit-ETH/seed_42/lmae4eth/metrics.json
Illicit-ETH,43,lmae4eth,LMAE4Eth,Ethereum SOTA,0.9424242424242424,0.9925071574642126,0.9919649426075674,0.9311377245508982,0.9539877300613497,0.9683257918552036,outputs/paper_sota_baselines_20260615/Illicit-ETH/seed_43/lmae4eth/metrics.json
Illicit-ETH,44,lmae4eth,LMAE4Eth,Ethereum SOTA,0.9502262443438914,0.9895460122699387,0.9899757587951429,0.9347181008902077,0.9662576687116564,0.9646697388632872,outputs/paper_sota_baselines_20260615/Illicit-ETH/seed_44/lmae4eth/metrics.json
Illicit-ETH,45,lmae4eth,LMAE4Eth,Ethereum SOTA,0.9592476489028213,0.9930061349693252,0.991347669628325,0.9807692307692307,0.9386503067484663,0.9625,outputs/paper_sota_baselines_20260615/Illicit-ETH/seed_45/lmae4eth/metrics.json
Illicit-ETH,46,lmae4eth,LMAE4Eth,Ethereum SOTA,0.9356357927786499,0.9838609406952966,0.9852584618364971,0.9581993569131833,0.9141104294478528,0.9755351681957186,outputs/paper_sota_baselines_20260615/Illicit-ETH/seed_46/lmae4eth/metrics.json
Illicit-ETH,42,bert4eth,BERT4ETH,Ethereum SOTA,0.9057187017001546,0.9718200408997955,0.9732708338804694,0.9127725856697819,0.8987730061349694,0.9180834621329211,outputs/paper_sota_baselines_20260615/Illicit-ETH/seed_42/bert4eth/metrics.json
Illicit-ETH,43,bert4eth,BERT4ETH,Ethereum SOTA,0.91350531107739,0.9721063394683026,0.9749458181334056,0.9039039039039038,0.9233128834355828,0.9420731707317073,outputs/paper_sota_baselines_20260615/Illicit-ETH/seed_43/bert4eth/metrics.json
Illicit-ETH,44,bert4eth,BERT4ETH,Ethereum SOTA,0.9179331306990881,0.9766421267893661,0.9770870204389781,0.9096385542168675,0.9263803680981595,0.9368258859784283,outputs/paper_sota_baselines_20260615/Illicit-ETH/seed_44/bert4eth/metrics.json
Illicit-ETH,45,bert4eth,BERT4ETH,Ethereum SOTA,0.9142857142857143,0.9730306748466258,0.9743812653317611,0.9473684210526315,0.8834355828220859,0.9339622641509434,outputs/paper_sota_baselines_20260615/Illicit-ETH/seed_45/bert4eth/metrics.json
Illicit-ETH,46,bert4eth,BERT4ETH,Ethereum SOTA,0.896774193548387,0.9723108384458078,0.9733538955581339,0.9455782312925171,0.852760736196319,0.9417322834645669,outputs/paper_sota_baselines_20260615/Illicit-ETH/seed_46/bert4eth/metrics.json
Illicit-ETH,42,tlmgnn,TLmGNN,Ethereum SOTA,0.9442724458204335,0.9918854805725971,0.9910654841428191,0.953125,0.9355828220858896,0.9631901840490797,outputs/paper_sota_baselines_20260615/Illicit-ETH/seed_42/tlmgnn/metrics.json
Illicit-ETH,43,tlmgnn,TLmGNN,Ethereum SOTA,0.96,0.9929570552147239,0.9921451150159785,0.9629629629629629,0.9570552147239264,0.9695121951219512,outputs/paper_sota_baselines_20260615/Illicit-ETH/seed_43/tlmgnn/metrics.json
Illicit-ETH,44,tlmgnn,TLmGNN,Ethereum SOTA,0.9586523736600306,0.9920163599182004,0.9922226750273895,0.9571865443425076,0.9601226993865031,0.9598765432098766,outputs/paper_sota_baselines_20260615/Illicit-ETH/seed_44/tlmgnn/metrics.json
Illicit-ETH,45,tlmgnn,TLmGNN,Ethereum SOTA,0.9598811292719168,0.9960490797546012,0.9955082538657795,0.930835734870317,0.99079754601227,0.9772382397572079,outputs/paper_sota_baselines_20260615/Illicit-ETH/seed_45/tlmgnn/metrics.json
Illicit-ETH,46,tlmgnn,TLmGNN,Ethereum SOTA,0.9417322834645669,0.9908875255623721,0.9907812377546786,0.9676375404530745,0.9171779141104295,0.9738863287250384,outputs/paper_sota_baselines_20260615/Illicit-ETH/seed_46/tlmgnn/metrics.json
Illicit-ETH,42,bwgnn,BWGNN,Graph Anomaly SOTA,0.9538461538461539,0.9844335378323109,0.9863103255990809,0.9567901234567902,0.950920245398773,0.9663608562691132,outputs/paper_sota_baselines_20260615/Illicit-ETH/seed_42/bwgnn/metrics.json
Illicit-ETH,43,bwgnn,BWGNN,Graph Anomaly SOTA,0.9451219512195121,0.976159509202454,0.9642331346223287,0.9393939393939394,0.950920245398773,0.9707241910631741,outputs/paper_sota_baselines_20260615/Illicit-ETH/seed_43/bwgnn/metrics.json
Illicit-ETH,44,bwgnn,BWGNN,Graph Anomaly SOTA,0.963076923076923,0.9859959100204498,0.9826868197125759,0.9660493827160493,0.9601226993865031,0.9596273291925466,outputs/paper_sota_baselines_20260615/Illicit-ETH/seed_44/bwgnn/metrics.json
Illicit-ETH,45,bwgnn,BWGNN,Graph Anomaly SOTA,0.9516616314199395,0.9851820040899795,0.9772697436915821,0.9375,0.9662576687116564,0.958139534883721,outputs/paper_sota_baselines_20260615/Illicit-ETH/seed_45/bwgnn/metrics.json
Illicit-ETH,46,bwgnn,BWGNN,Graph Anomaly SOTA,0.9367088607594937,0.9875664621676892,0.986204114000131,0.9673202614379085,0.9079754601226994,0.9691358024691358,outputs/paper_sota_baselines_20260615/Illicit-ETH/seed_46/bwgnn/metrics.json
Illicit-ETH,42,ours,Ours,Proposed,0.964451313755796,0.991116564417178,0.9930628351181805,0.9719626168224299,0.9570552147239264,0.975609756097561,outputs/paper_5seed_qwen_counter_clean_20260615/Illicit-ETH/seed_42/sage_rule_scalar_qwen_motif_channel/metrics.json
Illicit-ETH,43,ours,Ours,Proposed,0.9643410852713178,0.9878200408997955,0.991194078478236,0.9749216300940439,0.9539877300613497,0.9768875192604006,outputs/paper_5seed_qwen_counter_clean_20260615/Illicit-ETH/seed_43/sage_rule_scalar_qwen_motif_channel/metrics.json
Illicit-ETH,44,ours,Ours,Proposed,0.968421052631579,0.9914437627811862,0.9927450044933452,0.9498525073746312,0.9877300613496932,0.9800918836140888,outputs/paper_5seed_qwen_counter_clean_20260615/Illicit-ETH/seed_44/sage_rule_scalar_qwen_motif_channel/metrics.json
Illicit-ETH,45,ours,Ours,Proposed,0.9680365296803652,0.9952147239263804,0.9952021988912593,0.9607250755287009,0.9754601226993865,0.9752321981424149,outputs/paper_5seed_qwen_counter_clean_20260615/Illicit-ETH/seed_45/sage_rule_scalar_qwen_motif_channel/metrics.json
Illicit-ETH,46,ours,Ours,Proposed,0.9486780715396579,0.9778977505112475,0.980974575930811,0.9621451104100947,0.9355828220858896,0.975609756097561,outputs/paper_5seed_qwen_counter_clean_20260615/Illicit-ETH/seed_46/sage_rule_scalar_qwen_motif_channel/metrics.json
Illicit-ETH,42,ours_imbalance,Ours+Imbalance,Proposed,0.9665653495440729,0.9902331288343559,0.9916693291487637,0.9578313253012049,0.9754601226993865,0.9862595419847329,outputs/paper_5seed_qwen_counter_clean_pctrain_20260616/Illicit-ETH/seed_42/sage_rule_scalar_qwen_motif_channel/metrics.json
Illicit-ETH,43,ours_imbalance,Ours+Imbalance,Proposed,0.9754601226993865,0.9905766871165645,0.992882636495963,0.9754601226993865,0.9754601226993865,0.9923664122137404,outputs/paper_5seed_qwen_counter_clean_pctrain_20260616/Illicit-ETH/seed_43/sage_rule_scalar_qwen_motif_channel/metrics.json
Illicit-ETH,44,ours_imbalance,Ours+Imbalance,Proposed,0.9728915662650602,0.9938077709611453,0.9946958520481374,0.9556213017751479,0.99079754601227,0.9845201238390093,outputs/paper_5seed_qwen_counter_clean_pctrain_20260616/Illicit-ETH/seed_44/sage_rule_scalar_qwen_motif_channel/metrics.json
Illicit-ETH,45,ours_imbalance,Ours+Imbalance,Proposed,0.974124809741248,0.9968588957055216,0.9966193907457899,0.9667673716012085,0.9815950920245399,0.989247311827957,outputs/paper_5seed_qwen_counter_clean_pctrain_20260616/Illicit-ETH/seed_45/sage_rule_scalar_qwen_motif_channel/metrics.json
Illicit-ETH,46,ours_imbalance,Ours+Imbalance,Proposed,0.9609984399375975,0.9850756646216768,0.9800843407553187,0.9777777777777777,0.9447852760736196,0.9877300613496932,outputs/paper_5seed_qwen_counter_clean_pctrain_20260616/Illicit-ETH/seed_46/sage_rule_scalar_qwen_motif_channel/metrics.json
EPSD-Ponzi,42,logreg,Logistic Regression,Raw tabular,0.48148148148148145,0.8417508417508418,0.5975740639236602,0.4444444444444444,0.5252525252525253,0.5094339622641509,outputs/paper_main_baselines_clean_20260615/EPSD-Ponzi/seed_42/tabular/logreg/metrics.json
EPSD-Ponzi,43,logreg,Logistic Regression,Raw tabular,0.4418604651162791,0.8098735098735099,0.43509533228626,0.5205479452054794,0.3838383838383838,0.5384615384615384,outputs/paper_main_baselines_clean_20260615/EPSD-Ponzi/seed_43/tabular/logreg/metrics.json
EPSD-Ponzi,44,logreg,Logistic Regression,Raw tabular,0.45454545454545453,0.8447083447083447,0.49963742058994604,0.38461538461538464,0.5555555555555556,0.46218487394957986,outputs/paper_main_baselines_clean_20260615/EPSD-Ponzi/seed_44/tabular/logreg/metrics.json
EPSD-Ponzi,45,logreg,Logistic Regression,Raw tabular,0.43010752688172044,0.8220038220038222,0.532471600226616,0.29304029304029305,0.8080808080808081,0.40970350404312667,outputs/paper_main_baselines_clean_20260615/EPSD-Ponzi/seed_45/tabular/logreg/metrics.json
EPSD-Ponzi,46,logreg,Logistic Regression,Raw tabular,0.4713804713804714,0.8295477295477296,0.5194239341806282,0.35353535353535354,0.7070707070707071,0.5036496350364964,outputs/paper_main_baselines_clean_20260615/EPSD-Ponzi/seed_46/tabular/logreg/metrics.json
EPSD-Ponzi,42,mlp,MLP,Raw tabular,0.5263157894736842,0.8372372372372373,0.5596250205649705,0.46511627906976744,0.6060606060606061,0.6042553191489362,outputs/paper_main_baselines_clean_20260615/EPSD-Ponzi/seed_42/tabular/mlp/metrics.json
EPSD-Ponzi,43,mlp,MLP,Raw tabular,0.4461538461538462,0.7905632905632907,0.4616399904818518,0.36024844720496896,0.5858585858585859,0.5447154471544715,outputs/paper_main_baselines_clean_20260615/EPSD-Ponzi/seed_43/tabular/mlp/metrics.json
EPSD-Ponzi,44,mlp,MLP,Raw tabular,0.5344827586206896,0.8586677586677587,0.5949893615795069,0.46616541353383456,0.6262626262626263,0.4954954954954955,outputs/paper_main_baselines_clean_20260615/EPSD-Ponzi/seed_44/tabular/mlp/metrics.json
EPSD-Ponzi,45,mlp,MLP,Raw tabular,0.5588235294117647,0.8504049504049503,0.5500704343984751,0.5428571428571428,0.5757575757575758,0.5380710659898477,outputs/paper_main_baselines_clean_20260615/EPSD-Ponzi/seed_45/tabular/mlp/metrics.json
EPSD-Ponzi,46,mlp,MLP,Raw tabular,0.5027932960893855,0.8155246155246156,0.5471486747678145,0.5625,0.45454545454545453,0.550561797752809,outputs/paper_main_baselines_clean_20260615/EPSD-Ponzi/seed_46/tabular/mlp/metrics.json
EPSD-Ponzi,42,rf,Random Forest,Raw tabular,0.6627218934911243,0.906069706069706,0.7490438562376039,0.8,0.5656565656565656,0.6276595744680851,outputs/paper_main_baselines_clean_20260615/EPSD-Ponzi/seed_42/tabular/rf/metrics.json
EPSD-Ponzi,43,rf,Random Forest,Raw tabular,0.5058823529411764,0.8776503776503776,0.6391503983852617,0.6056338028169014,0.43434343434343436,0.6521739130434783,outputs/paper_main_baselines_clean_20260615/EPSD-Ponzi/seed_43/tabular/rf/metrics.json
EPSD-Ponzi,44,rf,Random Forest,Raw tabular,0.6703910614525139,0.8846755846755848,0.6895441638618668,0.75,0.6060606060606061,0.6171428571428571,outputs/paper_main_baselines_clean_20260615/EPSD-Ponzi/seed_44/tabular/rf/metrics.json
EPSD-Ponzi,45,rf,Random Forest,Raw tabular,0.5342465753424658,0.9037401037401037,0.707432557581185,0.8297872340425532,0.3939393939393939,0.547945205479452,outputs/paper_main_baselines_clean_20260615/EPSD-Ponzi/seed_45/tabular/rf/metrics.json
EPSD-Ponzi,46,rf,Random Forest,Raw tabular,0.5882352941176471,0.8672490672490673,0.6503273139505009,0.704225352112676,0.5050505050505051,0.6,outputs/paper_main_baselines_clean_20260615/EPSD-Ponzi/seed_46/tabular/rf/metrics.json
EPSD-Ponzi,42,lightgbm,LightGBM,Raw tabular,0.6746987951807228,0.9114751114751115,0.7608374024821539,0.835820895522388,0.5656565656565656,0.6470588235294118,outputs/paper_main_baselines_clean_20260615/EPSD-Ponzi/seed_42/tabular/lightgbm/metrics.json
EPSD-Ponzi,43,lightgbm,LightGBM,Raw tabular,0.5921787709497207,0.8668213668213668,0.6504560032266349,0.6625,0.5353535353535354,0.7253886010362695,outputs/paper_main_baselines_clean_20260615/EPSD-Ponzi/seed_43/tabular/lightgbm/metrics.json
EPSD-Ponzi,44,lightgbm,LightGBM,Raw tabular,0.6802030456852792,0.8974519974519974,0.7516635984647368,0.6836734693877551,0.6767676767676768,0.6455026455026455,outputs/paper_main_baselines_clean_20260615/EPSD-Ponzi/seed_44/tabular/lightgbm/metrics.json
EPSD-Ponzi,45,lightgbm,LightGBM,Raw tabular,0.6219512195121951,0.903157703157703,0.7284921751468518,0.7846153846153846,0.5151515151515151,0.5838509316770186,outputs/paper_main_baselines_clean_20260615/EPSD-Ponzi/seed_45/tabular/lightgbm/metrics.json
EPSD-Ponzi,46,lightgbm,LightGBM,Raw tabular,0.6046511627906976,0.8531531531531532,0.6625403397736416,0.7123287671232876,0.5252525252525253,0.6382978723404256,outputs/paper_main_baselines_clean_20260615/EPSD-Ponzi/seed_46/tabular/lightgbm/metrics.json
EPSD-Ponzi,42,gcn,GCN,GNN,0.6244343891402715,0.9007371007371008,0.6907096585019572,0.5655737704918032,0.696969696969697,0.6575342465753424,outputs/paper_main_baselines_clean_20260615/EPSD-Ponzi/seed_42/sampled_gcn/metrics.json
EPSD-Ponzi,43,gcn,GCN,GNN,0.5235602094240838,0.833979433979434,0.5732976101452004,0.5434782608695652,0.5050505050505051,0.6455026455026455,outputs/paper_main_baselines_clean_20260615/EPSD-Ponzi/seed_43/sampled_gcn/metrics.json
EPSD-Ponzi,44,gcn,GCN,GNN,0.5454545454545454,0.8457184457184458,0.5645911574885571,0.46153846153846156,0.6666666666666666,0.5569620253164557,outputs/paper_main_baselines_clean_20260615/EPSD-Ponzi/seed_44/sampled_gcn/metrics.json
EPSD-Ponzi,45,gcn,GCN,GNN,0.5,0.8495950495950496,0.5965950590667208,0.3898305084745763,0.696969696969697,0.5144927536231884,outputs/paper_main_baselines_clean_20260615/EPSD-Ponzi/seed_45/sampled_gcn/metrics.json
EPSD-Ponzi,46,gcn,GCN,GNN,0.5267857142857143,0.8303758303758304,0.6102946773055369,0.472,0.5959595959595959,0.6071428571428571,outputs/paper_main_baselines_clean_20260615/EPSD-Ponzi/seed_46/sampled_gcn/metrics.json
EPSD-Ponzi,42,gat,GAT,GNN,0.6467661691542289,0.9284375284375285,0.7757721816334957,0.6372549019607843,0.6565656565656566,0.7,outputs/paper_main_baselines_clean_20260615/EPSD-Ponzi/seed_42/sampled_gat/metrics.json
EPSD-Ponzi,43,gat,GAT,GNN,0.5148514851485149,0.8445536445536446,0.5374296761692755,0.5048543689320388,0.5252525252525253,0.6509433962264151,outputs/paper_main_baselines_clean_20260615/EPSD-Ponzi/seed_43/sampled_gat/metrics.json
EPSD-Ponzi,44,gat,GAT,GNN,0.5416666666666666,0.8706888706888707,0.6471998595164395,0.5591397849462365,0.5252525252525253,0.6162790697674418,outputs/paper_main_baselines_clean_20260615/EPSD-Ponzi/seed_44/sampled_gat/metrics.json
EPSD-Ponzi,45,gat,GAT,GNN,0.5523012552301255,0.8662844662844663,0.6314419330620612,0.4714285714285714,0.6666666666666666,0.5485232067510548,outputs/paper_main_baselines_clean_20260615/EPSD-Ponzi/seed_45/sampled_gat/metrics.json
EPSD-Ponzi,46,gat,GAT,GNN,0.5614035087719298,0.852925652925653,0.5987683902619154,0.49612403100775193,0.6464646464646465,0.6439024390243903,outputs/paper_main_baselines_clean_20260615/EPSD-Ponzi/seed_46/sampled_gat/metrics.json
EPSD-Ponzi,42,graphsage,GraphSAGE,GNN,0.6761904761904762,0.9169533169533169,0.7695442818876708,0.6396396396396397,0.7171717171717171,0.6899563318777293,outputs/paper_5seed_qwen_counter_clean_20260615/EPSD-Ponzi/seed_42/sage_no_evidence/metrics.json
EPSD-Ponzi,43,graphsage,GraphSAGE,GNN,0.5347593582887701,0.8665028665028666,0.5977259061531006,0.5681818181818182,0.5050505050505051,0.7103825136612022,outputs/paper_5seed_qwen_counter_clean_20260615/EPSD-Ponzi/seed_43/sage_no_evidence/metrics.json
EPSD-Ponzi,44,graphsage,GraphSAGE,GNN,0.6111111111111112,0.8972426972426972,0.705059317493398,0.6790123456790124,0.5555555555555556,0.6198830409356725,outputs/paper_5seed_qwen_counter_clean_20260615/EPSD-Ponzi/seed_44/sage_no_evidence/metrics.json
EPSD-Ponzi,45,graphsage,GraphSAGE,GNN,0.5882352941176471,0.8965146965146965,0.6856854096377126,0.5714285714285714,0.6060606060606061,0.57,outputs/paper_5seed_qwen_counter_clean_20260615/EPSD-Ponzi/seed_45/sage_no_evidence/metrics.json
EPSD-Ponzi,46,graphsage,GraphSAGE,GNN,0.6069651741293532,0.8767494767494768,0.6929238810631351,0.5980392156862745,0.6161616161616161,0.6666666666666666,outputs/paper_5seed_qwen_counter_clean_20260615/EPSD-Ponzi/seed_46/sage_no_evidence/metrics.json
EPSD-Ponzi,42,care_gnn,CARE-GNN,Generic Fraud GNN,0.6309523809523809,0.9049777049777049,0.7512467357322093,0.7681159420289855,0.5353535353535354,0.6984126984126984,outputs/paper_main_baselines_clean_20260615/EPSD-Ponzi/seed_42/sampled_care_gnn/metrics.json
EPSD-Ponzi,43,care_gnn,CARE-GNN,Generic Fraud GNN,0.5948717948717949,0.8673036673036673,0.6201850168875678,0.6041666666666666,0.5858585858585859,0.700507614213198,outputs/paper_main_baselines_clean_20260615/EPSD-Ponzi/seed_43/sampled_care_gnn/metrics.json
EPSD-Ponzi,44,care_gnn,CARE-GNN,Generic Fraud GNN,0.5948275862068966,0.8951860951860952,0.6787796909489479,0.518796992481203,0.696969696969697,0.6188340807174888,outputs/paper_main_baselines_clean_20260615/EPSD-Ponzi/seed_44/sampled_care_gnn/metrics.json
EPSD-Ponzi,45,care_gnn,CARE-GNN,Generic Fraud GNN,0.6122448979591837,0.9178087178087178,0.7364908932119583,0.6185567010309279,0.6060606060606061,0.5989847715736041,outputs/paper_main_baselines_clean_20260615/EPSD-Ponzi/seed_45/sampled_care_gnn/metrics.json
EPSD-Ponzi,46,care_gnn,CARE-GNN,Generic Fraud GNN,0.5514705882352942,0.8796068796068797,0.706813913399913,0.43352601156069365,0.7575757575757576,0.6311475409836066,outputs/paper_main_baselines_clean_20260615/EPSD-Ponzi/seed_46/sampled_care_gnn/metrics.json
EPSD-Ponzi,42,graphconsis_gnn,GraphConsis,Generic Fraud GNN,0.6918918918918919,0.9242515242515242,0.7742388271019293,0.7441860465116279,0.6464646464646465,0.6907216494845361,outputs/paper_main_baselines_clean_20260615/EPSD-Ponzi/seed_42/sampled_graphconsis_gnn/metrics.json
EPSD-Ponzi,43,graphconsis_gnn,GraphConsis,Generic Fraud GNN,0.5482233502538071,0.8677222677222678,0.6170475790647405,0.5510204081632653,0.5454545454545454,0.700507614213198,outputs/paper_main_baselines_clean_20260615/EPSD-Ponzi/seed_43/sampled_graphconsis_gnn/metrics.json
EPSD-Ponzi,44,graphconsis_gnn,GraphConsis,Generic Fraud GNN,0.6095238095238096,0.893020293020293,0.6858026380681875,0.5765765765765766,0.6464646464646465,0.6310679611650486,outputs/paper_main_baselines_clean_20260615/EPSD-Ponzi/seed_44/sampled_graphconsis_gnn/metrics.json
EPSD-Ponzi,45,graphconsis_gnn,GraphConsis,Generic Fraud GNN,0.6010362694300518,0.8975884975884976,0.68732349150309,0.6170212765957447,0.5858585858585859,0.582010582010582,outputs/paper_main_baselines_clean_20260615/EPSD-Ponzi/seed_45/sampled_graphconsis_gnn/metrics.json
EPSD-Ponzi,46,graphconsis_gnn,GraphConsis,Generic Fraud GNN,0.5895953757225434,0.8772226772226772,0.6904977131530641,0.6891891891891891,0.5151515151515151,0.6503067484662577,outputs/paper_main_baselines_clean_20260615/EPSD-Ponzi/seed_46/sampled_graphconsis_gnn/metrics.json
EPSD-Ponzi,42,pc_gnn,PC-GNN,Generic Fraud GNN,0.6892655367231638,0.9041587041587041,0.7716020300557584,0.782051282051282,0.6161616161616161,0.7446808510638298,outputs/paper_main_baselines_clean_20260615/EPSD-Ponzi/seed_42/sampled_pc_gnn/metrics.json
EPSD-Ponzi,43,pc_gnn,PC-GNN,Generic Fraud GNN,0.49056603773584906,0.8793156793156793,0.6228296805113249,0.65,0.3939393939393939,0.735632183908046,outputs/paper_main_baselines_clean_20260615/EPSD-Ponzi/seed_43/sampled_pc_gnn/metrics.json
EPSD-Ponzi,44,pc_gnn,PC-GNN,Generic Fraud GNN,0.6470588235294118,0.9151879151879153,0.7768005923141369,0.6285714285714286,0.6666666666666666,0.7070707070707071,outputs/paper_main_baselines_clean_20260615/EPSD-Ponzi/seed_44/sampled_pc_gnn/metrics.json
EPSD-Ponzi,45,pc_gnn,PC-GNN,Generic Fraud GNN,0.6325581395348837,0.9134771134771135,0.738979186918095,0.5862068965517241,0.6868686868686869,0.6575342465753424,outputs/paper_main_baselines_clean_20260615/EPSD-Ponzi/seed_45/sampled_pc_gnn/metrics.json
EPSD-Ponzi,46,pc_gnn,PC-GNN,Generic Fraud GNN,0.631578947368421,0.8738738738738737,0.7229675075064845,0.6593406593406593,0.6060606060606061,0.7204301075268817,outputs/paper_main_baselines_clean_20260615/EPSD-Ponzi/seed_46/sampled_pc_gnn/metrics.json
EPSD-Ponzi,42,zipzap,ZipZap,Ethereum SOTA,0.44554455445544555,0.7519337519337521,0.4164254096448389,0.4368932038834951,0.45454545454545453,0.527363184079602,outputs/paper_sota_baselines_20260615/EPSD-Ponzi/seed_42/zipzap/metrics.json
EPSD-Ponzi,43,zipzap,ZipZap,Ethereum SOTA,0.40217391304347827,0.7205569205569206,0.3833136959105196,0.43529411764705883,0.37373737373737376,0.5869565217391305,outputs/paper_sota_baselines_20260615/EPSD-Ponzi/seed_43/zipzap/metrics.json
EPSD-Ponzi,44,zipzap,ZipZap,Ethereum SOTA,0.47706422018348627,0.7576849576849576,0.5016162740375711,0.4369747899159664,0.5252525252525253,0.5108225108225108,outputs/paper_sota_baselines_20260615/EPSD-Ponzi/seed_44/zipzap/metrics.json
EPSD-Ponzi,45,zipzap,ZipZap,Ethereum SOTA,0.4845814977973568,0.7512694512694512,0.4346695752034135,0.4296875,0.5555555555555556,0.4434782608695652,outputs/paper_sota_baselines_20260615/EPSD-Ponzi/seed_45/zipzap/metrics.json
EPSD-Ponzi,46,zipzap,ZipZap,Ethereum SOTA,0.4411764705882353,0.7071890071890073,0.42245871539046115,0.42857142857142855,0.45454545454545453,0.5297297297297298,outputs/paper_sota_baselines_20260615/EPSD-Ponzi/seed_46/zipzap/metrics.json
EPSD-Ponzi,42,lmae4eth,LMAE4Eth,Ethereum SOTA,0.6021505376344086,0.8878332878332879,0.6438596969066614,0.6436781609195402,0.5656565656565656,0.6735751295336787,outputs/paper_sota_baselines_20260615/EPSD-Ponzi/seed_42/lmae4eth/metrics.json
EPSD-Ponzi,43,lmae4eth,LMAE4Eth,Ethereum SOTA,0.5608465608465608,0.8734734734734735,0.6219295523583256,0.5888888888888889,0.5353535353535354,0.6763285024154589,outputs/paper_sota_baselines_20260615/EPSD-Ponzi/seed_43/lmae4eth/metrics.json
EPSD-Ponzi,44,lmae4eth,LMAE4Eth,Ethereum SOTA,0.5989304812834224,0.8785148785148785,0.6127645867083323,0.6363636363636364,0.5656565656565656,0.5913978494623656,outputs/paper_sota_baselines_20260615/EPSD-Ponzi/seed_44/lmae4eth/metrics.json
EPSD-Ponzi,45,lmae4eth,LMAE4Eth,Ethereum SOTA,0.5349794238683128,0.8458094458094458,0.5363159690218354,0.4513888888888889,0.6565656565656566,0.49166666666666664,outputs/paper_sota_baselines_20260615/EPSD-Ponzi/seed_45/lmae4eth/metrics.json
EPSD-Ponzi,46,lmae4eth,LMAE4Eth,Ethereum SOTA,0.5572139303482587,0.8695968695968697,0.5890345702767422,0.5490196078431373,0.5656565656565656,0.6428571428571429,outputs/paper_sota_baselines_20260615/EPSD-Ponzi/seed_46/lmae4eth/metrics.json
EPSD-Ponzi,42,bert4eth,BERT4ETH,Ethereum SOTA,0.4772727272727273,0.7520429520429521,0.4470690247480701,0.5454545454545454,0.42424242424242425,0.5531914893617021,outputs/paper_sota_baselines_20260615/EPSD-Ponzi/seed_42/bert4eth/metrics.json
EPSD-Ponzi,43,bert4eth,BERT4ETH,Ethereum SOTA,0.40963855421686746,0.7551187551187551,0.4311488274391649,0.5074626865671642,0.3434343434343434,0.5621621621621622,outputs/paper_sota_baselines_20260615/EPSD-Ponzi/seed_43/bert4eth/metrics.json
EPSD-Ponzi,44,bert4eth,BERT4ETH,Ethereum SOTA,0.42424242424242425,0.7339339339339339,0.42182579755262206,0.42424242424242425,0.42424242424242425,0.53125,outputs/paper_sota_baselines_20260615/EPSD-Ponzi/seed_44/bert4eth/metrics.json
EPSD-Ponzi,45,bert4eth,BERT4ETH,Ethereum SOTA,0.460093896713615,0.7559832559832559,0.4625829695268122,0.4298245614035088,0.494949494949495,0.4077669902912621,outputs/paper_sota_baselines_20260615/EPSD-Ponzi/seed_45/bert4eth/metrics.json
EPSD-Ponzi,46,bert4eth,BERT4ETH,Ethereum SOTA,0.4225352112676056,0.7138138138138138,0.3938869534069025,0.39473684210526316,0.45454545454545453,0.5463414634146342,outputs/paper_sota_baselines_20260615/EPSD-Ponzi/seed_46/bert4eth/metrics.json
EPSD-Ponzi,42,tlmgnn,TLmGNN,Ethereum SOTA,0.6190476190476191,0.9036309036309036,0.7233417450024967,0.5855855855855856,0.6565656565656566,0.676056338028169,outputs/paper_sota_baselines_20260615/EPSD-Ponzi/seed_42/tlmgnn/metrics.json
EPSD-Ponzi,43,tlmgnn,TLmGNN,Ethereum SOTA,0.5913978494623656,0.8893074893074893,0.631651248284579,0.632183908045977,0.5555555555555556,0.6903553299492385,outputs/paper_sota_baselines_20260615/EPSD-Ponzi/seed_43/tlmgnn/metrics.json
EPSD-Ponzi,44,tlmgnn,TLmGNN,Ethereum SOTA,0.5953488372093023,0.8871871871871873,0.6501801738910029,0.5517241379310345,0.6464646464646465,0.6730769230769231,outputs/paper_sota_baselines_20260615/EPSD-Ponzi/seed_44/tlmgnn/metrics.json
EPSD-Ponzi,45,tlmgnn,TLmGNN,Ethereum SOTA,0.5975103734439834,0.8887068887068886,0.6581528982683675,0.5070422535211268,0.7272727272727273,0.5565217391304348,outputs/paper_sota_baselines_20260615/EPSD-Ponzi/seed_45/tlmgnn/metrics.json
EPSD-Ponzi,46,tlmgnn,TLmGNN,Ethereum SOTA,0.5841584158415841,0.866011466011466,0.6330805733868301,0.5728155339805825,0.5959595959595959,0.6990291262135923,outputs/paper_sota_baselines_20260615/EPSD-Ponzi/seed_46/tlmgnn/metrics.json
EPSD-Ponzi,42,bwgnn,BWGNN,Graph Anomaly SOTA,0.6859903381642513,0.9082355082355082,0.7141151307557168,0.6574074074074074,0.7171717171717171,0.6568627450980392,outputs/paper_sota_baselines_20260615/EPSD-Ponzi/seed_42/bwgnn/metrics.json
EPSD-Ponzi,43,bwgnn,BWGNN,Graph Anomaly SOTA,0.5230769230769231,0.8767312767312767,0.5905913460706035,0.53125,0.5151515151515151,0.6820276497695853,outputs/paper_sota_baselines_20260615/EPSD-Ponzi/seed_43/bwgnn/metrics.json
EPSD-Ponzi,44,bwgnn,BWGNN,Graph Anomaly SOTA,0.5675675675675675,0.8845572845572846,0.6336408263402901,0.5121951219512195,0.6363636363636364,0.6057692307692307,outputs/paper_sota_baselines_20260615/EPSD-Ponzi/seed_44/bwgnn/metrics.json
EPSD-Ponzi,45,bwgnn,BWGNN,Graph Anomaly SOTA,0.5921787709497207,0.8780234780234779,0.6595641742140893,0.6625,0.5353535353535354,0.5698324022346368,outputs/paper_sota_baselines_20260615/EPSD-Ponzi/seed_45/bwgnn/metrics.json
EPSD-Ponzi,46,bwgnn,BWGNN,Graph Anomaly SOTA,0.6027397260273972,0.8837564837564837,0.6453696296023871,0.55,0.6666666666666666,0.6470588235294118,outputs/paper_sota_baselines_20260615/EPSD-Ponzi/seed_46/bwgnn/metrics.json
EPSD-Ponzi,42,ours,Ours,Proposed,0.686046511627907,0.9332787332787332,0.8074804964697738,0.8082191780821918,0.5959595959595959,0.7526881720430108,outputs/paper_5seed_qwen_counter_clean_20260615/EPSD-Ponzi/seed_42/sage_rule_scalar_qwen_motif_channel/metrics.json
EPSD-Ponzi,43,ours,Ours,Proposed,0.5795454545454546,0.882882882882883,0.6468624631809358,0.6623376623376623,0.5151515151515151,0.75,outputs/paper_5seed_qwen_counter_clean_20260615/EPSD-Ponzi/seed_43/sage_rule_scalar_qwen_motif_channel/metrics.json
EPSD-Ponzi,44,ours,Ours,Proposed,0.6730769230769231,0.9182819182819183,0.7475161289928812,0.6422018348623854,0.7070707070707071,0.6947368421052632,outputs/paper_5seed_qwen_counter_clean_20260615/EPSD-Ponzi/seed_44/sage_rule_scalar_qwen_motif_channel/metrics.json
EPSD-Ponzi,45,ours,Ours,Proposed,0.6292134831460674,0.9013559013559014,0.7125499297928423,0.7088607594936709,0.5656565656565656,0.6198830409356725,outputs/paper_5seed_qwen_counter_clean_20260615/EPSD-Ponzi/seed_45/sage_rule_scalar_qwen_motif_channel/metrics.json
EPSD-Ponzi,46,ours,Ours,Proposed,0.6745562130177515,0.8902538902538903,0.7488996125314654,0.8142857142857143,0.5757575757575758,0.6900584795321637,outputs/paper_5seed_qwen_counter_clean_20260615/EPSD-Ponzi/seed_46/sage_rule_scalar_qwen_motif_channel/metrics.json
EPSD-Ponzi,42,ours_imbalance,Ours+Imbalance,Proposed,0.7444444444444445,0.9256165256165256,0.8111324335811808,0.8271604938271605,0.6767676767676768,0.7956989247311828,outputs/paper_5seed_qwen_counter_clean_pctrain_20260616/EPSD-Ponzi/seed_42/sage_rule_scalar_qwen_motif_channel/metrics.json
EPSD-Ponzi,43,ours_imbalance,Ours+Imbalance,Proposed,0.6666666666666666,0.9060879060879061,0.7013600594815026,0.7916666666666666,0.5757575757575758,0.7692307692307693,outputs/paper_5seed_qwen_counter_clean_pctrain_20260616/EPSD-Ponzi/seed_43/sage_rule_scalar_qwen_motif_channel/metrics.json
EPSD-Ponzi,44,ours_imbalance,Ours+Imbalance,Proposed,0.6802030456852792,0.9259441259441259,0.8069095378888802,0.6836734693877551,0.6767676767676768,0.7344632768361582,outputs/paper_5seed_qwen_counter_clean_pctrain_20260616/EPSD-Ponzi/seed_44/sage_rule_scalar_qwen_motif_channel/metrics.json
EPSD-Ponzi,45,ours_imbalance,Ours+Imbalance,Proposed,0.6903553299492385,0.9337883337883338,0.7782396178233566,0.6938775510204082,0.6868686868686869,0.7208121827411168,outputs/paper_5seed_qwen_counter_clean_pctrain_20260616/EPSD-Ponzi/seed_45/sage_rule_scalar_qwen_motif_channel/metrics.json
EPSD-Ponzi,46,ours_imbalance,Ours+Imbalance,Proposed,0.6524064171122995,0.8817544817544817,0.7239458468912335,0.6931818181818182,0.6161616161616161,0.7351351351351352,outputs/paper_5seed_qwen_counter_clean_pctrain_20260616/EPSD-Ponzi/seed_46/sage_rule_scalar_qwen_motif_channel/metrics.json
